id,document,label
5783305,운이가 살았으면 더 좋았을 꺼 같아요! 넘 재미있게 잘 봤습니다. 수고하셨어요,1
4028446,스크림 표정 대박 ㅋㅋㅋㅋㅋㅋㅋㅋㅋ,1
7720129,굿,1
9342337,너무 공감도 되고.. 예쁜 영화라고 느꼈음 ㅠㅠ 특히 알렉스 캐릭터가 진짜 매력적,1
9812675,"힘든 시기를 겪고있는 지금, 내게 많은 위로가 되어준 영화",1
7413332,無言,1
7718614,정말 정말 재밌어요!!!!!♥♥,1
6807305,1편보다낫네요ㅋㅋ 산드라블록한테푹빠짐ㅋㅋㅋㅋ,1
4411879,정말 강추 정말 재밌습니다.,1
6693517,진짜 제가 봤던 영화 중에서 제일 뜻깊었고요 후쿠다 마유코양의 평생팬이에요~,1
5425123,진짜재밌어요ㅠㅠㅠㅠㅠ진짜찐짜짱!!!,1
4754799,배우들의 연기도 좋았지만 무엇보다 그 당시 여성들의 삶이 안타까웠다,1
8792066,티비에서 오늘 또하네요. 예전에 본건데 그래두 또 눈이가네요. 연기력이며 작품이며 다 좋아요^^근데 아쉬운점은 실감나게 한다고 카메라 마이 흔든거같은데..걍 정신없이 어지러버씀ㅡㅡ그것만빼면 굿,1
2434675,우연 그리고 운명 선택 . 이세가지가 쏟아내는 빛,1
9240050,어린시절 최고의 미드! 스타링 빅 모로우~!!잊혀지지 않는 명작!!!,1
7777959,TV상영종료후 1년뒤에 극장판이 나올정도의 초 대작.TV편의 설정오류 수정과 새로운 씬 추가가 주된 볼거리. 마마마는 어른들을 위한 애니이다.※우측의 리뷰를 보고 애들과 함께 볼려고 한 분들에게는 절대로 애들에게 보여줄 작품이 아니라고 강력히 주장한다,1
9812285,봄에 맞은 영화 잔잔하면서 은은하게 빛을 내는 영화.,1
7432446,정말 사막이라는 절망적인 환경에서 갈등과 고난 슬픔을 겪으면서 나중에 탈출에 성공하는 감동영화 입니다,1
7769413,다시 보고싶다,1
1637630,"추억의 SF외화...도노반,카일,줄리엣,다이아나...빨간색 V자 라카칠",1
2006978,이자벨의혼신의 연기 최고,1
7645950,몰입도 최강이구랴 ㅎㅎㅎ,1
8546890,강렬하게 머릿속에 남는 영화 다시 한번 또 보고싶습니다,1
10126372,진짜 재미있어요! 실망시키지도않고 도라에몽극장판은 처음보는데 이건 진짜 재미있어요!,1
5604053,영화 자체로는 재밌었다.. 그당시 제목 안보고 봤는데 오늘에서야 제목알았네..,1
7674139,엄마가4월에돌아가시기전에웃음면서같이보던그장면국수집에찾아가밀가루맞고싸움던장면..오늘마지막회보면서눈물이납니다,1
10179306,슬프고 감동적이다:),1
10128580,아무 생각없이 봤는데 재밌어요~~^^,1
9076407,쓰레기 함부로 버리지 맙시다.,1
7136938,완전 팬됫음 굳굳,1
8039615,장난없네.. 기대안하고 그냥 봤다가 소름돋았다 ;; 오펀 천사의 게임이 별4개라면 이건 5개 주고싶다 진짜 재밌다,1
10136987,전혀 기대 없이 들어가 즐겁게 나왔고 서핑하고 싶어졌다!,1
9770964,배우들 연기가 좋네요 !!,1
2002732,타이타닉을 넘어선 엄청난 감동..,1
4801461,정말로 감동적이에용~질리지 않는 영화에요~,1
2495035,우리나라엔 에드워드 머로우 같은 사람이 있나? 궁금하다,1
266310,"잔잔한 감동과 아름다운,혼자만의 바람(?)",1
9208217,와우 쵝오에요!! 나만 당하고 있기엔 너무 억울해요!!,1
10162069,아무 생각없이 평점 안보고 영화를 보다가 마지막 엔딩에서 소름 돋는걸 느끼는 내모습이였다... 몇번을 봐도 질리지 않고 볼 수 있는 영화 ㅠㅠ 다크나이트 시리즈,1
9795318,정말 많이 웃었어요. 재미있어요.^^,1
10247300,지금 cgv에서 해줘서 보는데. 고든이 어린 브루스에게 아빠의 코트를 걸쳐주며 다독이는 장면이 다크나이트 라이즈에서 고든에게 배트맨이 정체를 알려줄때랑 연결되면서 뭐라 형용할후없는 감정이 드네요,1
3506879,아주 좋은 영화네요. 재밌어요 탄탄한 짜임새도 좋네요,1
9994618,광수 잘하고 있다 응원한다,1
4503538,방금 EBS에서 봤슴 정말 최고! 아이들에겐 꼭 아름다운 추억이 필요한 것 같습니다,1
10191523,재밌는데?!일락이연기잘해요,1
1972869,죽어도 해피엔딩.. 리메이크 잘했네요.... 웃음은 2배가 된듯,1
1214560,정말 최고의 발레댄서들이 나왔다 ..,1
9672439,니코틴 청소기 루시퍼ㅋㅋㅋ,1
9268793,삶은 순간의 연속이다.,1
2055856,스토리를떠나서 꽤 감동적인,1
8988420,우리는 항상 더러운 현실일수록 밝고 찬란한 미래를 꿈꾸기 마련이다.하지만 그렇게 될 수 없다는 건 다 알고 있다.그건 희망에 지나지 않는다. 왜 우리는 생각했던 대로 로봇같이 움직이지 못할까... 어쩌면 우리는 태어날때부터 '운'을 타고난 게 아닐까?,1
1045645,적절하다,1
9488373,꼬라기 非추천 영화.... the 10th ?상실 → 상처 → 후회 → 추억 →→→ 그리움 ....삶이 당신을 必要(Necessary)로 하고 있습니까?아니면.... 당신에게 삶이 필요합니까?http://me2.do/FJtbrCiA,1
7533839,"약간,.예상할수잇는 스토리엿지만 only hope 정말좋았고 맨디무어 정말 예뻣다",1
6993527,비행기 폭파씬은 아직도 기억나는 명장면.,1
9425151,완전 최고희망fc친구들이 꿈을 꼭 이룰수 있기를?,1
578975,최고,1
8281198,장난감으로 전쟁무기를 만든다는내용이 현대사회의 살상무인로봇을 예견하고 만든것같아 섬뜩한영화. 재미도있고,1
7091066,"기구한 인생, 숨막힐 듯한 스토리 전개, 윌리엄 허트라는 배우의 발견, 그리고 복수와 집념",1
4634448,제프 브리지스의 연기력 다시한번 놀라게 하네요. 음악도 너무 좋았습니다.,1
6999435,이나영 넘 귀여워 ㅋㅋ 귀여운 영화인거 같다.,1
8012940,이게 액션이다.,1
9806861,공유 연기장난아니네 내용도 빵빵하네..,1
6364169,"우리와 같은, 그렇지만 한계가 있는 그들의 모습에 울고 웃었던 영화 안녕, 하세요!",1
6374811,제목그대로 박애가 넘치는구나. 물론 세가지 중에서.,1
1437852,아픔과 외로움이 전해졌다.,1
9719137,어이상실의 한계를 깨준영화..그래서 10점ㅋ,1
8583507,초중반까지는 왜 장르에 스릴러가 포함되어있는지 몰랐다.,1
333656,뭐 볼만했다. 으헤헤,1
9377433,로버트 존쿠삭 존재감으로 본다 ㅎ,1
9249137,운동능력은 취팔로마~,1
10235132,지금까지도 지금부터도 이런명작은 나오기힘들듯,1
5129312,종교적인 접근을 제하더라도 비주얼만으로 충분히 어필할 수 있는거 같은데 평점은..,1
8543414,중간부터 봤는데 너무 잼있어서 1회부터 다시보는데 1회부터 잼있네요 ㅋ10회 줄어서 속상해요 그냥 120부작 으로 끝내지 ㅠㅠ 꼴리티 있는 드라마 ㅋ,1
6078882,이시영씨 너무 귀여워서 아주 죽겠어요. 대사하나하나 너무 웃기고 재밌음,1
9427429,멍하니 생각이 잠기게 되는 영화였다..댓글로 알게된 사실이지만 구혜선이 감독이였다니생각지도 못했내 십점준다,1
3935439,ほんとうに面白かったよ。彼女もかわいいし。,1
8634127,열번은 본 듯실화 최고임,1
7542781,고요하고 아름다운.. 내가 좋아하는 그런 영화.. 가슴의 상처를 넘어..,1
2325255,재미있긴 하는데 보고 싶네요. ^^,1
4894632,말이 필요 있나?,1
10068000,이래서 설경구 설경구 하는구나를 알게 되었습니다 . 설경구씨 화이팅!,1
9319473,애들이 넘 귀엽네요 >ㅁ< 근데 더 많은 애들이 왔으면 좋겠어요 근데 별더주고 싶네요~,1
6580455,젝스키스 해체된거 너무 아쉬워 해체한지 12년이나됐지만,1
9613948,"진지한 감동, 차가운 역사",1
7091076,정말좋은드라마인데 학교랑마의에묻혀서안타깝다ㅠ 최시원도멋있고 김명민도멋있고 정려원도멋있고 배우들다멋있게나오던데♥ 안보신분들 꼭 재방송같은걸로다시보세요!!!!정말재밌어요ㅎㅎㅎㅎㅎㅎ,1
2597370,진짜재밌었는데이거!!!!!!!!!!!!!!!!!!!!!!!!!제목도맘에들고ㅋㅋㅋㅋㅋㅋ,1
6826521,부산엔 왜 상영관이 없지.... 부산 극장의 현실인가 아 보고싶다,1
9891398,엇갈린 사랑 해보신 분들께 추천 합니다.,1
9835473,말이 필요하겠는가. 내 인생 최고의 애니메이션 중 하나라고 자부할 수 있다.,1
9266697,음악 쌤이 틀어줬는데 넘 재미씀 ㅎㅎ 자다가 일나서 봤넹~,1
9549963,저는 개인적으로 재밌게 보았습니다 ^^,1
8789096,이렇게 훌륭한 영화가 있었군요 옛날영화이다보니 연출부분이 좀 어색하긴 해도 훌륭한 영화입니다.,1
10079858,버스에서 보다가 눈물 흘렸다.. 아 창피해 ;;,1
9651903,더빙도음악도짱짱 요즘만화영화보다 90~2000년대초반것들이 훨씬낫다,1
10179360,good good good good,1
7064792,볼만함,1
5502026,최고?,1
9172303,의미도 있고 재밌는 영화임. 왜 이렇게 평점이 낮은지 이해가 안될 정도로,1
9744152,이 영화는 재미가 있고 하는게 아니라 포르코의 멋진 중저음의 매료될 수 있는 충분한 영화이다 게다가 중간중간에 나오는 던지는 듯한 말투도 정말 멋있다.,1
7475588,아래아랫분 말씀처럼 당분간 딴 영환 못 보겠다. 리턴 재개봉 추진까페를 만들어야 한다.....이런 영화가 단 두 군데서 상영해서 고작 전국1500명이 봤다는 사실에 탄식이 절로 나온다. 아 극장에서 봤어야 하는데 ㅠ_ㅠ,1
8647626,"내 나이 14살에 이런 멋진 동시같은 영화는 처음이다. 장르를 건너뛰고 대한민국 최고 영화라고 난 생각한다. 하늘이 두쪽나는 일이 있어도 훈훈하고, 슬프고, 아름다운 공포물은 다시 나오지 못할것이다♥♥",1
2015516,진지하게 보면 우리나라 정서엔 불쾌하지만 코믹으로 본다면 배꼽 그 이상을 잡는다.,1
5665864,아 이 영화였구나... ocn에서 본 기억이!,1
8810211,"1986년 고등학교 1학년, 중간고사가 끝나고 학교 강당에서 단체관람을 했다.그때는 이 영화가 그렇게 유명한 영화인지도 몰랐고. 로버트 드니로, 메릴 스트립도 몰랐다. 오늘 EBS 에서 거의 30년만에 이 영화를 다시 본다.",1
5164035,볼만한 영화인것 같음,1
9462131,"강인이 주축으로 엠버,육성재가 잘조합이 되서 방송 재밌게 잘 이끌어나가는거같아 재밌다.",1
5172213,남들이 뭐라하건 내가 스스로해내면 되는것이다...ㅎㅎ,1
10003653,어째서 ? 존.나재미있었는데 왜 ? 평점이 이래 ?개굿인데,1
9380182,무슨 말이 필요하겠나...,1
1782530,칵테일 맛 제대로다,1
9499602,다행이다. 무간도를 본 시기가 내 인생에서 가장 내가 젊고 두뇌가 잘돌아가는 시기여서.,1
9220043,좋은 영화. 폴뉴먼 주연 심판과 더불어 법정드라마로써 손색이 없네요.,1
9775255,예전엔 다이해안가는거투성이라 노잼이엇는대 나도다컷고 내용을이해하니 너무슬프다 ㅠㅜ 배경음악이랑너무잘맞는다 연기도다너무좋앗고,1
10088251,엄청 재밌었어요!!김효진씨 넘 이쁘구요 스토리도 애절하고 영상미도 최고인 영화..옛날영화지만 이렇게까지 영상미가 뛰어난 영화는 처음이에요!!2편은 안나오나요??,1
6976742,진짜 대박영화!소름돋을정도로 잘만든영화...,1
9473755,넘 재밌어요~^^대박,1
7458992,브레드피트의 명 연기..!! 역시 브레드피트 라는 생각이 드는 영화!!!,1
10227498,흠뻑 취했습니다 결말이 아쉬워서 후버포닉 노래 좀 들었더니 괜찮아 졌네요,1
849766,이거 밤에 불꺼놓고 이어폰으로 보면 제대로 피똥쌈..,1
9140869,"""이 영화 소장하고 싶은데 DVD 언제나와요? 개봉한 지 벌써 다섯달 지났는데 이제 DVD판 나올 때 되지 않았나? 이보다 늦게 개봉한 """"가시""""도 벌써 나왔고 '인간중독""""도 다음달 나오다는데...""",1
10252597,지금봐도 재밌음 ㅋㅋ 주옥같은 연기반전의 반전 평점 10점입니다.,1
6593288,아주 유쾌함,1
9312136,급하게마무리짓는거빼곤 엄태웅연기쩔음 김민준도멋잇고,1
8478467,난 잼있던데ㅋㅋ인터넷이 발달되고 쇼셜커머스가 판을 치면서 영화 줄거리를 대충 알고 영화를 보기 때문에 평론은 거의 전문가 수준급들. 다 철학적이야ㅋ,1
4090542,원작을봤기때문에내용이해는문제없었지만 중간중간잘린내용들이아쉽ㅠ 그래도재밌음ㅎ,1
9494992,또 봐도 좋다. OO전 영화인가요. 참 이젠 다르게 보이네요.,1
2755635,잘만들어다,1
10002342,선유야 사랑해 우리 좀있다가 보자!!♥!!♥!!♥!!♥!!♥!!♥!!♥!!♥!!♥!!♥!!♥!!♥!!♥!!♥!!♥!!♥!!♥!!♥!!♥!!♥!!♥!!♥!!♥!!♥!!♥!!♥!!♥!!♥!!♥!!♥!!♥!!♥!!♥!!♥!!♥!!♥!!♥!!♥!!♥!!♥!!,1
8751987,재미도 있고 웃기기도 하다.,1
9294288,수강이가 행복했으면 좋겠다.,1
9847177,마지막말이 와닿는다... 술먹고 봐주는게 어디잇냐 그럼술먹고 운전한건 안봐주고 술먹고 애를 저리만든건 봐준다고? 이말듣고 울컥햇다.;;;,1
7325482,아이고 내 배꼽,1
8022761,나 아는 미국분이 한국에서 태어나 일본에서 학교다니며 자랐는데 많은 차별과 괴롭힘속에서도 졸업해야한다는 이유하나로 버티고 졸업한날 괴롭히던 일본친구들 다 조져버렸고 그분은 졸업하고 미국으로 이민가셨다 그래도 그시절일본동경이 그리우시다고..,1
7305230,뱀파이어 영화중에서 탑3안에 드는 굉장히 매혹적인 영화! 뱀파이어의 어둠의 매력을 극대화한 작품!,1
3989222,"평범한 이야기속에 쏟아지는 예술적 감각의 폭포수, 페넬로페는 역시 여신",1
8339553,독특한 소재에 신선한 감동을 주는 판타지 멜로 드라마,1
9772690,놓치면 후회하는 드라마... 그만큼 진짜 재밌고 많은걸 생각해볼 수 있게됨...,1
9461401,아름다운 영화라고 밖에 표현할게 없다.,1
9138488,사랑해보지 못한 사람마저 사랑의 아픔이란 감정을 느낄 수 있게 만드는 가슴아픈 영화. 키아누 보다 게리 올드만이 되어보고 싶게끔 만드는 사람을 시리게 하는 명작,1
9964471,"정말 내용부터 배우들 연기, 배경, 대사 모든것이 대단한 영화라고 생각합니다.",1
2248002,시사로 봤어요...뭐라 말할수 없는 감동이...여주인공 정말 내면연기 잘하더군요..,1
9438047,줄거리만으로도 눈물을 흘리게 만드는 영화,1
7502515,예술은 죽지 말아야 한다,1
8629216,출연진들봐라 소름끼친다!!!,1
8941057,오빠들♥너무 귀엽고 멋져요♥b1a4의 어느멋진날 흥해라~♥사랑해요♥,1
4580012,짜증나는 영화여 이것도 영화요,1
8359819,영화를 보니 왜 수작이라고 하는지 알수있었음 긴 러닝타임이 하나도 지루하지 않았던 영화,1
6258143,드라마중 유일하게 열심히 재미있게 보았는데 끝나버려 아쉽군요. 고생많으셨습니다~,1
9531580,Tv에서 봄.욕망과 본성... 좋음,1
6558520,굿,1
6526570,"한번도 안움, 대신 미소는 나더라 저렇게 삶에 애착을 갖고 포기하지 않고 살아가는게 대견했음",1
9712896,완전 울었어요 ㅠㅠ잼따,1
6563196,공유님의 연기 잘보고있습니다 연기가 정말 맛깔스럽고 같은 맘인것처럼 느껴지네요 좋은연기 감사해요,1
7657066,많은 생각을 하게 만들어주네요,1
1685720,헐.. 이게 모의고사 듣기평가에 나오다니.....,1
8417511,"원작과같이 메로,니아 등이출현한다면 시리즈가 더늘어났겠지 원작을 영화화한작품치곤 되게잘만듬 그리고 캐스팅도 다괜찮음",1
3564573,사랑을 모르는 사람을 이해못함.,1
9839180,생각보다 너무너무 재밌어요 영화관에서 볼걸 아쉽네요ㅠㅠㅠㅠ,1
2956534,꺄아 마지막에 다크케로로 짱귀엽>▽<,1
8969569,이 영화 처음보고 한 일주일동안은 멍-했다...,1
9027796,남매의 순수함과 따뜻한 마음이 영화 내내 미소짖게하는 감동을 준다,1
5502336,생각의 차이,1
5724688,아이맥스3D로 개봉하지 아쉽ㅋㅋㅋㅋㅋㅋㅋㅋ,1
9818793,아이디어가 참 좋은 영화였던거 같아요!아톰이 우승 했으면 좋았을것 같았는데~ 어쨋든 참 재미있게 볼수 있었던 최고의 영화였어요. 리얼스틸2가 나오면 꼭 볼꺼에요!,1
1070793,유로트립보다 훨훨훨~씬 더 웃기고 재밌다..ㅎㅎ,1
7280347,진심감동명작ㅠㅠ,1
2413568,치즈루가 살렸어...,1
6294747,주인공 아이들..잘 지내고 있을지 궁금하네요...너무 가슴아퍼,1
2893108,제임스 캐그니..이 불멸의 대배우여..!,1
9564005,영화 끝나갈때 까지 매순간 긴장을 놓칠 수 없었다. 스릴 대박!! 여자라서 이런 장르 별로 안좋아하는데 진짜 재밌게 잘봤음 ㅠ 이런 영화 또 없나?,1
5288436,괜찮은데? 허나 알리슨 로먼이 벗은건 충격 -_-;;,1
7376695,마지막 한방에 별 한개반 더 ㅎㅎㅎㅎㅎㅎ 아 웃음난다 ㅎㅎㅎㅎ,1
4302976,헐 이연걸이 길들여 졋어 샹 ㅠㅠ,1
9975499,"재미있게 봤던 영화, 좋았던 영화~",1
3255717,쵝오!^^,1
7504579,한국에도 이런영화가 있다니,1
1176425,몰입해서 봤다.. 쇼헤이의 다른작품을 찾아 봐야 겠다..,1
7075668,여주예쁨~♥ㅎㅎ 개념있는 영화,1
160979,원작의 이야기가 배우들의 연기와 잘 어우러진 영화,1
2385102,왜 평점이 낮은지 이해가안간다 그당시에 이정도면 훌륭하다 아니 나에겐최고였다,1
6824660,저는 정말 감동깊게 봣습니다 재밋게 봣으니 저는 긴말없이 10점,1
4694529,최고,1
4547838,토니의 눈이 너무 슬프다,1
3003509,이은성 너무 예쁘다,1
1167867,결론은 아방궁에서 인육쓴거 맞구요 이건 정말 짱!,1
9573837,현재까지 서양 스타일리쉬 느와르의 정점.,1
9843363,극 중에 나오는 평면적인 캐릭터가 조금 아쉬워서 별 반개는 빼긴 했지만 정말 엄청나게 여운남는 작품이었습니다. 이런영화야말로 극장에서 봤어야 했는데...시기를 놓친게 너무 아쉽네요.감독님의 다음 작품이 기대가 되요! 진짜 완전강추!!,1
3764933,전태일 ㅠㅠㅠㅠㅠㅠㅠㅠㅠㅠㅠㅠ,1
4448987,평점이 이상하게 낮은게 마음에 들지 않아서....,1
6412058,아이들은 어른의 거울이라는 말이 사실인듯,1
7662004,요즘 보기든문 내용의 드라마임,1
3034310,굿 간만에 제대로댄 영화하나 건진,1
7178873,장애인이든 비장애인이든 같은 생각과 걱정을 하고 있다는 생각이 들었습니다 많은 분들이 보았으면 좋겠어요,1
4484345,그녀의 깊고 검은눈과 압도적인 작품들에 단숨에 빠져들었다,1
3147078,아주 우울한 영화.......,1
10121815,초딩때본 최고의 감동 물론 지금봐도 아련하다,1
1190297,무슨말이 필요한가,1
10071154,독립영화 같지않은 완성도 배우들의 연기도 훌륭하고 감독이 주고자 하는 메세지도 좋았다,1
9554348,화미소녀들의 속시원한 액션이 그럴듯한 오락영화,1
4193390,저망재밌어여사회에관한내용 정막죽여요,1
36067,"한없이 사람좋을 것같은 맷데이먼과 악역전문 존보이트, 좋은 배우만으로도.",1
2613448,굿~!,1
7554724,아ㅜㅠ진심재밌엉ㅋ,1
3633804,남자 턱주가리가 2개로 갈라져있는 모습을 그린 작품,1
9027434,만만치 않은 수목드라마 3개 중 1위를 차지한 드라마인만큼 너무 너무 재밌어요ㅎㅎ후회되지 않는 드라마~~^^♡♡배우님들이 연기를 ㄴㅓ무 잘해요..ㄷㄷ 이준기짱ㅎㅎ,1
9030107,"""의도는 이해가 가나, 심령적인 부분을 제외했다면 선이 더 강했을 """" i """" / 스페니쉬 필름안에 있는 하비에르 바르뎀!!""",1
10097152,이 영화를 보고 암이 나았다...평점깍아내리는 아래 낚시글 쓰는 이기적인놈들아 고만좀 해라...좋은건 나누는거다 ...,1
10233326,독립영화 기대안하고 봤다가 감정이입 에 집중되는 영화인듯 영상미와 여운이 남네요 마지막 더원의 노래가 머리속에 남습니다,1
7885792,최근에 봤지만 그래도 생생하고 무섭고 재미있음,1
6871802,다니엘의 눈빛을 봤다면 이런 평점 줄수밖에,1
9986401,말이필요없다.... 아버지의 마음... 진심으로 꼭봐야할 명작이다..,1
9207708,2빨리나와라 ㅋㅋ 제작한다고했던데 ㅋ,1
8695539,정말 최고다 역시 류승완감독,1
4264504,재밌어요,1
10238866,머리털 나고서 네이버에 평점해보긴 첨이네,1
3760505,재미있어요,1
8615159,엄청재미잇써써요꼬마영웅프로디활티팅,1
3690736,이 드라마가 9점대가 넘지않는다는건.. 말이안되 빨리 9점넘기자!,1
7896797,한국 리얼리티의 진수 이만희 감독의 우수작! 역시 고전이 아름답다!,1
9868203,난 진짜 재밌게봤는데 ㅋㅋ,1
5380732,미야자키팬이에요. 그녀의영화중 두번째로재밌었어요,1
4919851,잔잔한게 뒤에 밀려 오는 감정이 좀 오래갈거 같네요 ;; 무튼 좋은 영화인건 확실!!,1
9753655,여자애가 대단하네 한 남자에대한 지독한 집착과 사랑 이 영화보고 실버스톤 이란 배우를 처음알았네요,1
3375595,"참 좋은 영화다,",1
5437853,책을읽는 분위기네요,1
3435272,진짜 대박 재밌다!!완전짱임!!,1
2114420,보면서 날 위해 만들어진 영화란 생각이 들었어요.,1
6997924,정말 재밌었습니다.^^,1
8719593,"""아직도 그대사 기억남 ."""" 지금 나를 유혹하는 건가?? """"""",1
8289291,와...지금봐도 옛날영화같지않네,1
8172221,잼나요 잼나요 좀비영화,1
8964597,결혼하고 오수민씨의 연기가 좀더매끄러움,1
8358369,내용 전개도 ㅃㅏ르고 공감하며 볼 수 있는 드라마에요! 이제부터 본방 사수! 출연진 짱 좋아요!,1
8186636,내 인생 최고의 쓰래셔 영화. 요즘 쓰래셔영화 거의 망했는데 이런 수작이 있다니이 영화 개 쩔어.최고의 결말.공포영화 좋아하시는 분들 꼭 보삼. 개 잼있음. 3대 쓰레셔영화 보다 더 잼있음.평점따위... 보는 눈이 없네 진짜. 애들영화나 보고 와라,1
6405197,아직 반년 남긴 했지만...인현왕후의 남자는 의심할 여지없는 올해 최고의 드라마!!!,1
6508879,영화 내용도 좋았고 솔직히 어메이징 스파이더맨 보다 재밌었는데 왜 평점이 이따구인지....,1
4846291,정말 부드러운 분위기에 짠한 감동이 있는 피터레빗처럼 아름다운 영화,1
10086499,어두웠던 세상이 하나의 피해자,1
9870124,2시간 러닝타임 완전 몰입. 평점 때문에 안 볼 뻔. 그래서 십점,1
3576434,볼 때 마다 다른 것을 가져가요 느낌이 좋은 영화,1
6386155,멋있다 ㅋㅋ 통쾌함,1
1068590,장난안치고최고..,1
7475387,"영상미,음악, 촬영기법, 연기 , 최고네요.. 피를 부르지 않는 통쾌한 복수. 최고네요.",1
5943241,완전잼나!,1
8837747,보면서 너무 유쾌하게 봤내요 ㅎㅎ 레이첼 맥아담스 웃는게 너무 매력적이에용~!!,1
9643770,잘보구 왔습니다 ㅠㅠ역시 한지원 감독님..!코피루왁에서 눈물흘리면서 힐링 잘했습니다ㅠㅠ????배경도 너무 아름다웠고 좋은 애니메이션 만들어주셔서 감사합니다♥?????,1
2589933,"역쉬 mbc표 드라마 코믹드라마 지대로 잘 표현하는듯, 에릭연기도 일품! 최고",1
9665667,동물들의 따뜻함을 보여주는 영화엿어요.,1
9770072,"특별하지 않은 특별한 사랑..이토록 말없고, 또 단순한 내용임에도 글을 읽듯 또박또박 장면들을 읽어 나가게 하는 묘한 매력의 영화. '이별연습'에서의 리첸의 울음은 내가 본 가장 아름다운 여성의 울음이다. 미처 놓친 감정을 읽기위해 다시 봐야할 영화.",1
10000307,스릴러 반전영화 대표작 연기력도 좋고 구성도 좋고,1
8323977,우아하다는 말에 공감 ㅎㅎ,1
6864828,친구의 의미가 더 깊게 다가오네요 추천합니다^^,1
3152275,안타깝다.사랑할 줄 모르는 여자가,1
2993966,꿈을 위해 살아가는게 나와 닮았다.,1
10067544,"영화를 보는데...가슴이 아려 온다...ㅜ,.ㅜ",1
4358186,히스토리X 이후 에드워드 노튼의 가장 최고연기라고 생각함.,1
8229534,그래도 오로라 보다는 덜 막장인듯 . 거긴 사람을 죽여서 하차 시킴... 루비반지는 얼굴 바꾼게 말안되긴 하는데 다른부분은 걍 진짜 허영심 많은 동생이 지는 지가 친딸아닌거 아니까 욕심 부린듯.실제로도 진짜 저렇게 이기적인 사람 있음..,1
10209902,"오, 캡틴! 마이 캡틴!",1
5682285,그렇지 이것이야말로 퍼니게임이지..최고의 살인마들.. 나도 끼워줘!!,1
4921371,타이타닉 따윈 이영화 평점의 반도안된다 ^^,1
1292419,전이거 넘잼게 봣는데... 성룡아씨 70살까지 영화 찍어요!,1
7457162,나홀로집에와더불어 나의최고의영화..,1
8721481,최고다..인간 뭐 별거있나? 한번 태어난 인생 즐기다가 늙어 죽는거지..당시 최고 섹시미녀 방희도 최고.,1
9925715,소설도 훌륭하지만 우리나라 배우들과 감독의 연출도 대단한 !,1
110039,너무 오래되서 기억이 안난다. 최민식이 어디서 나온지..,1
8631984,"각각의 사랑이야기~ 너무너무기분좋아지는 영화다. 그중에서 에단호크,샤이아라보프 좋다",1
7459369,잔잔하고 볼만한 영화,1
9823691,내평점아버지께서 나 2007년인가 2008년인가 초등학생때 티비틀면 개그야 겁나하고 환상의 커플 하던 한창 비디오에서 DVD로 갈아타질때 빌려왔던 영화 아버지께선 틀어놓고 주무셨지만 난 조폭영화 되게 재밌어해서 끝까지 보고 녹화했던 기억이 난다ㅎㅎ,1
8679244,"훌륭한 영화인데, 의외로 평점이 낮아 놀랐다. 샤롤리즈테론의 매력에 빠져 처음엔 허우적거렸지만, 처음부터끝까지 눈을 못떼고 봤는데..",1
4218262,또 하나의 재미를 찾을 수 있는 영화다. 다큐의 힘!,1
10221946,존 말코비치 내 인생을 통해 가장 사랑하는 배우.. 이만큼 존재감이 있는 사람을 본적이 없다. 말투는 또 어찌나 섹시한지...,1
8585589,객관적으로 전쟁이라는 것을 느끼게 해준 다큐. 감독이 의도한 것인지는 모르겠지만 전쟁의 비인간성을 뒤통수 후드려 패는 듯한 느낌으로 와닿게 해줬다. 죽은 사람이 도살된 가축처럼 느껴지고 사람을 죽이는 것을 정당화 해야만 미치지 않는 곳이 전쟁이였다.,1
6137515,이영화가 왜 흥행에 성공을 못했을까? 이해가 않간다는...',1
756938,very good,1
19153,와우 시걸형님 짱!,1
6341853,웃음과 감동을 동시에 느낄 수 있는 영화^^ 주변에 강추하고 있어요!,1
611025,웃김,1
10156938,재밌다!!! 우울했는데 기분 좋아짐,1
7309610,이걸 보고나서 다른 일드가 성에 안차서 큰일이다,1
9442349,최근 본 영화중 가장 재밌네요~,1
4425366,"'미셸 미셸' 단지 이름을 부르는 것만으로 가장 많은 이의 심금을 울린 영화,",1
3855964,나 이거 군대에서 봤는데......10점을 줄수 밖에 없네..,1
9113177,사실 묘사가 잘된 작품 끔직한 하루하루를 견뎌 3096일 만에 탈출,1
349383,"단순한 스토리이지만, 계속 빠져드는 그리고 아름다운..",1
9632130,좋았습니다 네 진짜로 좋았습니다,1
9040966,이순신 캐릭터하면 김명민 생각남 ㅋㅋ 근데 픽션이 가미된건 어쩔수없지. 다 그정도는 가만하고 보는거 아님?,1
1269518,"반드시, 꼭. 끝까지 봐야하는 영화",1
10165079,5편 로그네이션에 너무 실망해서 다시 찾아왔다. 이정도 걸작을 지금은 만들지 못한다는것이 슬퍼진다.,1
8260818,별 다섯개도 모자라요ㅜㅜ딸들이랑 보는데 눈물 펑펑 ㅜㅜ나오는 노래도 다 좋구요애들이랑 보기에 넘 좋아요!애들도 넘 잼있다네요,1
9183445,그들은 끝내 바다의 석양을 보진 못했다 하지만 그바다는 죽기에 너무 멋진 바다였다,1
7521730,재미있겠다...,1
5702650,지금 다시 본다면 어떨지 모르겠지만.. 나의 기억속에 남는 명작 중에 하나..,1
7074290,잼있음 맨날봄 ㅎㅎ,1
10205182,인생에게 노래가 줄 수 있는 감동을 느끼게 만들어 준 영화. 두배의 영화시간을 배정했어도 감동스럽게 볼 수 있었던 영화. 적극 추천합니다.,1
9680638,제목 포스터를 이따위로 하니까 코미디 영화인줄 알고 다들 안본듯 ..재밌습니다,1
9619805,그냥 대박이고 쩌는 영화!!!!,1
4685573,"완전재밋음 ㅋㅋㅋㅋㅋㅋㅋㅋ와 최고 ㅋㅋㅋㅋ제니퍼나온거는 다재밋어, 몸매짱임",1
4038431,아름다운 대자연의 시스템,1
3377845,극도의 리얼리즘. 그래서 불편하다.,1
3075046,영화값으로 엄청난 공연을 보았다 - 이게 웬 횡재 ..,1
6227232,너무재미있어서 꼭~본방사수한다는.ㅋ,1
8145959,모두가 원하는 것은 행복이었는데 사람들의 지나친 욕망과 욕심.. 엇갈리는 이데올로기들이 갈등과처참함을 만드는 것 같다... 데미언은 참 곧다. 나라면 테디의 유혹에 넘어갔을건데....보는 내내 육이오가생각나 슬프고답답하다..,1
8018843,진짜 완벽하게 재밌다.,1
9296937,평점이 너무낮음 스릴있고 재밌음,1
7695105,"외모가 부각되어, 단순히 외모가 흉해서 몬스터인 줄 알았다. 그녀는 몬스터가 되었다. 점점 살인을 정당화해가는 모습이 이미 몬스터가 되었단 증거가. 하지만, 그녀를 그렇게 만든 몬스터가 있지 않았다면, 그녀도 이런 삶을 보내진 않았을 것이다.",1
7505484,ㅎ,1
4275818,배제기 팬클럽회장해야겠다,1
8196970,아주 재밌네요....,1
6807130,3기 기다리다 지친다,1
8025256,이게 7점대라니.. 액션영화 좋아하시는 분은 이 영화를 보고 평점 내리지 마세요 ..ㅠㅠ취향에 안맞을 뿐인 영화 평점 막 내리시네...이 좋고 훌륭한 영화 7점인게 너무 아쉬울 나름...- -,1
7055245,역시 장자크아노..,1
6049813,게임 모름. 영화만 보면되지 괜찮게 봤는데 나는,1
9969916,메르스 파동으로 다시 본 영화.영화 보세요. 두 번 보세요.,1
6340192,진은 진정 최고! 매회 감동감동 ㅜㅜㅜㅜ,1
5438537,아이가 동화책도 보고싶다고 하네요^^어른도 볼만큼 감동적이에요~,1
2481747,난 정말 재밌게봤습니다 .. 심장을조이든데,1
7313440,연기와 스토리가탄탄!! 소간지의 숨막히는 수트는 덤으로^^,1
9561056,옛날에 극장갔는데 볼 영화가 없어서 별 기대 안하고 봤는데 정말 재밌게 봤었다.오락 영화로써 이정도면 명작은 아니어도 수작이라 생각함.,1
4945365,"매회 가슴따뜻해지는 이야기로 가족,인생의 의미를 생각해보게 하는 드라마였어요.",1
3386346,가족과 함께 미술관+극장을 같이 본다면 더 금상첨화.,1
10221400,역시나 무조건 만점임다,1
10125075,소싯적 정말 재미지게 본영화!!! 레스토랑에서 외국인에게 개고기 갖다준 장면이 기억난다!,1
8370018,파스타랑 분위기비슷~,1
5777737,이런명작에 별적게 주는 인간들은 자폭하라 이영화는 6번봐도 질리지 않는다,1
1502,교과서적인 킬러영화. 차가운 스타일에 멋진 액션.,1
9788782,최고의 동물 프로 매회 새롭고 볼때마다 재미있다.,1
1427311,최고의 반담영화.,1
5627505,억지로 졸음 참으면서 보다가 마지막 장면에서 정신 번쩍~~!!!,1
5967897,잼,1
8724820,귀여니는 로맨스물로 쓴건데 결국 영화장르는 코믹물이 되버린...ㅋㅋㅋ송ㅅ,1
4070437,영상이 대학교 졸업작품같아서 그렇지 꽤나 많은걸 담아놓은 영화임에는 분명하다.,1
2988536,흡인력이 있는 영화 충붆시 아름답다,1
9340145,재미있었다~ 몰입감도 좋았고 걍 재미있었다~,1
1717104,장나라니까^^,1
9810126,너무 좋은영화다.. 가슴을 울리는 영화,1
7058778,울면서 봤어영..,1
83396,네놈을 살려두기엔 쌀이 아까워! 원츄!,1
3155908,윤은혜..주지훈..너무조아~^^,1
502971,뭐하나 흠잡을 것이 없다. 최고!,1
3510557,많이 좋아요.,1
4382117,나도육사갈꺼니까만점ㅇㅇ,1
10221669,"어두운 분위기가 덤블도어의 죽음을 더욱 빛나게 했다,책을 기대하고 영화를 봤다면 실망하는게 당연하다.",1
4630826,"현실은 어둠이며, 어둠에서 시작해 어둠으로 이어지며 끝날것이다..",1
6489151,여름방학같은 인생이지,1
476621,넘잼있어염,1
5268266,내가본 애니매이션중 짱이다!!,1
2109050,정말 재미있고 볼만했는데,1
4883664,"팜므파탈, 반전, 자동차 추격씬.. 원초적 본능이 이 영화에서 영향 받은 듯.",1
5682773,저는 영훤히 용오빠 팬!! 이신 쟈응!! 멋있었어요!! 신혜언니두 홧팅!!,1
9212528,꿀잼 허니잼 ... 영상미쩔고 원래 그리스 로마 신화 좋아하는데 내 취향 저격당한느낌이 듬 ..ㅋㅋㅋㅋ,1
885892,북한에 대한 인식이 달라진다...,1
3003276,최고의 감동^^,1
1008007,이거 재미있게 본영화,1
4111055,유쾌하게 봤다^^,1
10197135,미쳤구나 이게 1950년대에 만들어진 영화라니 난 1980~90년대 사이에 만들어진 영환줄 알았다만,1
1512035,프랑스영화 느낌의 일본영화지만 오랜만에 집중해서 본 영화입니다,1
8762388,ㅋㅋ 영화는 안봤지만 5점만들려고 10점 줍니다. ㅋㅋㅋ,1
8945356,좋은데 평점이왜이리낮아?,1
9267100,아니 가해자들보고 쓰레기만도 못하다는 분들 너무들 하시네요 쓰레기한테 미안하지도 않으세요??,1
4206349,공포에 관한 트라우마로 남아있을 정도로 어린시절 충격적이었던 영화,1
9503594,굳굳 지금 학교가야되는데 계속 보는중..2부야 언넝해라,1
6652031,"사극 상도,선덕여왕,닥터진에 이어 재밌게 보고있음，신의 보단 백배 나음，1점주는 놈들은 알바냐?",1
268638,끝내 눈물이....참 감동적이다...,1
8634234,사회적 문제를 유쾌통쾌 담담함으로 그린 영화 최고다,1
8704391,연출이 약하지만 춤 하나는 볼만하다. 춤으로 감정을 표현하는 게 옛날에 본 영화 백야가 생각난다. 백야는 로맨스가 아니지만. 백야가 10점이면 메이크유어무브는 9점 주고 싶은데 보아가 예뻐서 10점 준다.,1
4336276,예전에 OCN에서 이거 방영 해주길래 우연히 봤는데 스토리가 탄탄하더군요.,1
10109015,썩 괜찮았던 재앙영화.,1
835359,너무너무 좋았음...,1
4511801,짱짱,1
1248508,지금돌아와서 생각해보면 이영화는 판타지였나보다..ㅎㅎ,1
6803868,10점을 주고 싶지만 영화 수준이 너무 높은지 대중적으로 사람들이 공감하지 못하는 듯 하여 9점을 줌.이 영화...그냥 집어본 영환데 보는 내내 감탄했다.이 표현력 구성력...카타르시스..소장하고 싶은 영화에 추가해봄.....,1
8222194,늘 잠들기 전에 보는 애니메이션... 이제 대사도 다 외울 지경이지만 그 감동은 여전하네요 정말 좋은 영화입니다,1
5832009,어릴적 재밌게 봤던 추억의 영화.다시 보고 싶다.,1
6932074,시니리오 연기력 연출력 어느것 하나 흠잡을데 없는 수작.....,1
2369322,잼있음 걍 보는거임,1
9874185,하얀 웃음이 기억나는 영화,1
3593471,대중적인 매니아틱.. 잘만든 장편애니매이션 하나,1
5690694,영화가 끝나고 여운이 남는건 오래만이네요~ 광기어린 주인공이 왜 그렇게 살아야하는,1
7009872,"와, 이렇게 울어보기는 오랜만이다.",1
5783549,진짜 봐도봐도 재밌다.,1
5073812,OOO기력 김남길 !!!,1
5567806,그 당시 암울한 한국을 잘 그렸다. 지금도.. 일려나?,1
6643484,"""영화 속 캐릭터를 연기하는 배우. """"배우""""라는 부담스러운 시선을 감수하고 다큐멘터리에 용기내어서 출연한 배우들에게 우선 박수를 보내드립니다. 그리고 그녀들만이 가지고 있는 고유한 색깔들, 너무 흥미롭고 3번 봤지만 또 한번 더 보고 싶은 그런영화""",1
8861382,별은 왜 10개밖에 없는가??,1
6385605,끝에만 폭죽터지는 영화 아니고 야금야금 잔재미와 스릴이 살아있넴,1
10036987,병맛 좋아하는 분들은 재밌어하실 만한 영화! 난 그냥 주원님이라 좋을 뿐이고.,1
10050704,아파하면서 먼저 떠난어머니옷붙잡을때 터져버렸다ㅠ 어머니품이그립지만 남겨질가족들을두고갈수없는 어머니도 누군가의 소중한 딸이고 가족이었다,1
5532856,최고,1
6990705,헐 평점 너무 낮다,1
9898636,꿀잼 꿀잼 꿀잼 마블시리즈 다 꿀잼,1
9292892,이 영화는 꼭 보시길 추천.. 몰입감이 엄청나고 정말 시간가는줄 모르고 보게된다.. 반전에 반전과 부성애가 무엇인지를 보여주는 영화,1
6242497,존레넌의 성장통. 그의 음악이 더 잘 들린다..,1
2182684,연기 굿,1
8197749,제가사는곳엔 개봉을안해서 좀 시간걸리더라도 보고싶은마음에 차타고 멀리까지갔는데요..영화를보고난후에 그만한 가치가 충분히 느껴졌던 영화였다는걸 알았습니다^^ 다시보고싶네요~,1
1041439,제대로된 공포영화.....,1
4794220,제목때문에 영화 이미지가 반감됨. 너무 재미있고 잔잔하면서 위트있는 영화.,1
3573293,촬영감독 출신이라고는 믿을 수 없는 탁월한 연출력!!!,1
640845,"화려한 의상, 수준높은 연기",1
9915179,"추격씬이나 자전거 추격신, 거기다 나이트 비전을 활용한 1인칭 시점으로 처음에는 공포감을 조성하다가 후반에는 스릴넘치는 빅풋과의 서바이벌이 시작된다.엔딩은 다 죽는 다른 페이크다큐,공포영화와는다르게여운과 감동을 주고 끝난다.5점이하는아니라고생각한다.",1
9326942,감동 또 감동 여운이 정말 오래남는 영화,1
7570331,긴장감과 스릴이 넘쳤다,1
9622216,오겡끼데쓰까 부시맨!,1
2869104,그래도 디즈니 클래식의 걸작중 하나!,1
7786444,마마보이와 마마의 금기에 다가가 그이상의 감정이라는 비교적 한국적 정서와는 배격되는 주제로 당시로서는 파격적인 소재를 한정된 공간에서 잘도 담아냈다. 할튼 이상한줄 알면서도 꾸역꾸역 보게금 만드는 연출력이 참 특이해,1
46614,이거 재미있습니다. 꼭 보세요.,1
7039882,스릴넘치고 마지막엔 정말 감동..,1
1694874,재밌구만.. 뭔 말들이 많냐? 걍 쳐봐라,1
853216,잔잔히 진하다,1
3336941,무협인형극이라니.. 정말 참신하네요. 강추,1
8748427,"386 과 X GENERATION의 간극을 느낄 수 있는 영화.설정의 미장센은 관조적 관찰자와 화자의 중간지대를 제공한다. 카페 주인은 세상 물정을 모르는(말도 안돼는 보증으로 사채업자에게 고생하고, 386의 치열헌 고민은 농담으로 점랃한다",1
7395365,쬬쬬 분홍의 립스틱을 바르게써연,1
7320110,가족이 같이 보아요 강추,1
7374321,진심 이때까지 드라마 본 것중에 가장 손에 땀을 쥐게 봤던..,1
9556593,"이건 나는 게 아냐, 멋있게 떨어지는 거지",1
9757505,감독님 화이팅!!! 대박 기원합니다.,1
3281924,케이블로 이렇게 가슴졸이며 본영화는 처음,1
8609725,본진 꽤 됬는데 이거진짜 친구랑 새벽에 둘이 헤드셋끼고 보다가 오줌찌릴뻔 뱀파이어물중에 최고임;; 조쉬하트넷 연기도 지림ㅋ 뱀파이어 처들어와서 하얀 눈밭이 피범벅 되는장면이 압권,1
8830756,다 10점 주네? 나도 10점,1
4801217,연기력 만큼은 최고라 할 정도의 배우들이 만남,1
4547470,스토리가 좀 작위적이긴 하지만 음악이 주는 감동의 힘이 그것을 덮고도 남는다.,1
7594331,이것이 존맥클레인의 마지막 불꽃!!5는 도저히 못봐주겠더이다....하지만 4.0은 최고!!,1
8210496,어두컴컴한 이런 분위기 너무좋아. 후속편이 기다려지네. 마이클은 어떻게 다시 살아났나..,1
9133563,진짜로 ..졸잼^^ 꼭봐야하는 영화.강추,1
8178502,재밌게 잘 보고 있어요살아있는 캐릭터들 덕에 시간 가는줄 모르겠네요^^,1
7924749,비극적인 사랑의 위대한 마스터 피스,1
4857967,너무 감동적이야!!!!!!!!,1
90735,woal,1
8557173,이승철 멋쥐고 나현희 이쁘고 박찬욱 감독 입뽕작이라 기대되고,1
7508515,전혀 기대 안하고 봤다가 너무 재미있게 본 영화~연기자들의 연기도 좋았어요~앞으로도 화이팅 기대합니다!!,1
3505423,평점 너무 낮다. 정말 5점대 영화는 진정 아니다. 나도 청춘이 있었듯...,1
4887084,콘서트다녀와서 3D봤는데 정말 콘서트장에 온것 같았어요 ♡,1
4051153,기브미쪼꼬릿,1
5151852,뚱뚱이 아저씨가 왜 나처럼 느껴지는 건지.,1
591982,눈물이 흐를수밖에 없는 감동. 굿.,1
5067309,^^말이필요없음,1
1930614,아직도 가끔 기억나는영화...,1
8328400,"아주좋소. 라는 말 밖에 안나오는데 10자를 어찌 채우냐 어, 됐네",1
10070536,역시 숀펜. 총싸움 영화를 숀펜이 명작으로 만들었다.,1
8468588,부담없이 볼수있는 좋은영화입니다 추천!,1
7889939,내 인생 최고의 드라마. 김남길이란 배우의 매력을 알게되었다.,1
8778595,헤르미온느 진짜 넘 이쁨,1
5952486,꿀 잼있다 중간중간 쓰잘데기 없는 지루한 부분이 있어서 9점준당 시즌5 8282,1
7845242,볼트 짱짱맨,1
9298378,윤정희씨 연기 정말 좋았어요 ~ ~,1
9463887,발레을 쉽게 접한 기회가 된듯 해요 ㅎㅎ 영상 좋아요,1
9440461,명작오브명작이것도재개봉했음조켓다,1
7760190,너무 재밋게 봄 ㅋㅋㅋ ^ㅡ^,1
9732181,아주 아주 재미있습니다.,1
221841,슬프지만 액션이 너무 부족해서 아쉬움,1
6760048,3천점은 주고 싶은데 10점이 끝이네,1
7325635,주연 여배우의 연기가 매우 돋보였던 작품임.Piaf라는 인물의 분석과 자신 나름대로의 재창조된 Piaf를 아주 조화롭게 표현함. 영화 전체로는 비련의 주인공으로서의 아픔과 절망이 아닌 희망을 이야기하고 있음. 감독의 드라마틱한 결말도 백미. 강추함.,1
1314027,어릴때 재밌게봤었죠,1
7330059,재밌다,1
6194009,자본주의 비판부터 미친가부장가OO지 있을 건 다있다,1
7863977,배우들 보는 재미가 있고 풋풋한 90년대 멜로 감성이 좋다. 음악이 좋고 메리 루이스 파커가 아주 예뻤지,1
7656957,어디로 갈껀데? 가면서 생각하지 뭐..,1
4406057,보다가 두번 울었다.... 이런영화에서 감동을 받다니;; 의외의 수확,1
8021854,"SBS,동물농장 사랑함",1
9372965,쏘우가 기억안나나서 게임오버 검색하다가 들어왔다 청불이라땡기네,1
4662675,신들린 듯한 연기와 놀랄만큼 정교한 연출이 빚어낸 감동은 쉽게 만들어지는게 아니다,1
8735014,되게 뭔가 은근하게 삶에대해 생각할수있게 만드는것같은?,1
9276485,"원작은 안봐서 모르겠고..재미와 감동,먹먹함까지 갖춘 잔잔한로맨스..흐름보고 당연히 해피엔딩일줄 알았는데 마지막은 참..그 먹먹함이 아직까지 여운이 남네요.갠적으로 완벽한 내용은 아니였는데 사라맥라클란의 엔젤 이 모자란부분들을 채워줬네요.10점쏩니다",1
3512257,내가슴을 설레게 한 영화였다.,1
347226,전원일기같은 분위기...난 이런분위기가 좋더라~,1
2983251,한 남자의 인생을 되돌아보게 된다. 배우들의 연기도 좋다.,1
1193432,코미디가 이 정도면 됬지 뭘 그렇게 많이들 바라는 건지?,1
5874852,으악 완전제밋는데..,1
10221473,원작을 읽어보고 싶게 만들었습니다. 아~ 또 보고 싶다!!!,1
9762791,정준하 저건 출연료 도둑!!!,1
5175273,이뻤던 꼬마가 커서..,1
9907563,극한 상황에서 사람들의 행동 성향과 사회현상들을 조금이나마 나타내 놓은 좋은 영화.,1
9300986,와 BOBBY짱!!!나도커서 바비형처럼멋진랩퍼가되고싶어요ㅎㅎBOBBY형무대완전멋졋어요 우승축하해요ㅎㅎㅎㅎ아이언도잘했긴했는데 주제에맛게했으면괜찮았을건데ㅎㅎBOBBY형ㅊㅋㅊㅋ해요ㅎㅎ,1
8793640,이정도면 풍족할 볼거리 액샨 캐스팅 아주 재미있다. 나름 감독 약빨고 만든 영화,1
5180205,추억은 슬프다..,1
9688952,세상엔 사람들이 참 많다..,1
9216196,인생에서 오래도록 기억에 남을 작품,1
6274207,별기대를 하지 않았는데 재미있네요. 강추입니다.,1
10013711,매년 한번 씩 극장에서 상영한다고 해도 찾아볼 작품. 특히나 오프닝 전투 시퀀스는 역사에 남을 명장면.,1
5266365,정말 자신을 다시보게 되는것 같습니다.,1
8309772,너무 좋다.감성이 살아있다,1
2587179,좋아,1
1137896,재밌다,1
4047599,내가 본 뮤지컬 그리고 영화중 단연 최고! 노래도 하나도 버릴게 없다!!,1
3403918,윤아짱 최고,1
4243553,꽤나 지루한면이 언짢아 있었다 그러나 끝을 보고 눈물을 왈칵 쏟아버렸다,1
9757467,후회없을 순정과 추억이 된 기억.,1
6477866,엔딩에서 곰탱이가 뇌를 먹는장면을 이해하지 못하는자는 그냥 초딩일뿐이다,1
9136856,무협영화의 걸작! 몇몇 멍청이들이 화질 운운하는데? 무협 미장센을 모르는 게임중독자들 눈엔 화질이 구려 보일듯?!,1
7191611,8년만에 다시 봐도 꼬리를 무는 반전 수작이다. 가족을 잃은 소년기에 경찰이 웃으며 껌 씹을래?가 충격과 분노로 작용해 동기가 됐는데..실제 FBI 프로파일에서 자신을 학대하던 사람들을 기억해 살해하던 보안관도 있었다.,1
6387418,괜찮던데...,1
7828673,재미업다고 하는 사람 웃낌 이정돈 훌륭하다,1
8759674,재밌어요!! 또보고싶은영화,1
9729986,"이제서야 대부1,2,3 를 다봤다.. 내 인생 최고의 영화..",1
3197641,재미잇네요,1
9044985,"견자단, 이연걸 대단한건 인정하지만 토니자의 맨몸 액션 역대 최고 영화라 할 수 있다.",1
9399368,"이영화를 6 점대를 준 전문가들의 자질이 의심스럽다.. 화려하지도않고 극적인 효과는없지만 뻔한스토리에서 감동과 여운,재미를 남기는 영화가 좋은영화가아니라면 무슨영화가 좋은영화인건지..이 영화는 충분히 좋은영화다.",1
10024603,1편을 본후에 생긴 기대감을 충족시키고도 남은 작품. 더커진 기대감은 3편을 향한다.,1
9890428,이건 영화가 아니다 전설이다.,1
3806100,짧은인생~그동안고생많았습니다.. 부디 편히 쉬시길~~,1
2896504,뭐가 어찌되었건 분명한건 재미가 없다..,0
8056535,크로노스도 인생은 한방,0
7764330,영화중 이선균이 유식한척 브람스의 Intermezzo in A opus 118 을 말하며 유명한곡이라지만 막상 곡을 들으면 음대생조차 무슨곡인지 정확히 못맞춘다ㅋㅋ 허세떨어서 1점준다,0
9210459,"간단한 내용을 현학적으로 표현하려다 보니 전개가 복잡하고 매우 지루하다. 부풀려진 현란함을 잘 이해한 듯이 보이길 원하는 지적 수준이 낮은 이들은 마치 대단한 영화인 양 치켜세우며 높은 점수를 주지만, 실제로 이 영화는 6.5점 정도가 적당하다.",0
3540171,지루하고 촌티나며 다소 루즈하다.그러나 항상 늘 그렇듯 공리의 연기는 언제나 최고.,0
3166286,"ㅅㅂ DVD방에서 잤잖아... 어떻게 그상황에서 잠이 오냐고,,, 아 짜증나",0
9207309,"예전에 본 건데, 뭐 이정도 라는 기억만 난다.",0
8562012,다른남자 애 책임지고 결혼해줬더니 이제 지겨워졌으니 이혼하자고? 독신장려영화로 딱이네,0
1577222,마이클 더글러스의 여름날 신경질내기,0
1682989,1편빼고 나머진 별로.. 진부하고 재미없는 공상.,0
3039240,웃음도 없고 이건 뭐,0
9880021,쓰레기심형래급영화grjk,0
5704805,열라 재미없네,0
5619935,재미없다,0
9872787,그냥 시간 뺏기지말고 딴 영화보시기를,0
2045219,개같네요 ^^,0
9886798,흥미로운 소재와 주제로 관객을 낚음,0
6153890,배우는 좋은데 이렇게 재미없다니...,0
7873802,"은행은 털어도 되는데, 사람은 죽이면 안된다? 게다가 ㅂㅃ남? 참 컨셉도 망측하구나!",0
8196004,지루해서 끝까지 다 볼 수가 없다.,0
6087354,그나마 fast n furious를 살릴 건 마지막 장면 뿐인가? 다음편의 첫장면이기도 한.,0
7121301,OOO 살짝 면한 영화,0
1361903,왓더헬!?!,0
739647,지루하고 답답하다 특히 잘 맞지않는 영어더빙이 거슬린다,0
6091386,임신한 여친의 남자친구를 순진하게 빼앗기,0
951296,1점맨 등장,0
7305108,우와... 졸린다...,0
5095441,괜히봤따..,0
9625149,과평과된 영화이다 많이 아쉬움,0
3096002,개허접 쓰레기영화,0
9120294,"궁금한게 초반에 등장했던 중년부부와 이 집의 관계는 어떻게되며, 여행가기로했던 애들이 갑자기 집에있던 이유는 무엇인지 알고 싶은데 영화를 보면서 그에 대한 답을 찾기가 어렵네요.",0
6618465,"연기와 초호화 캐스팅, 내용은 좋았으나...내가 본 드라마 중 가장 액션이 어색하다. 최민수 없었으면 어쩔뻔 했냐.",0
4378215,"아놔, 웃겨죽겠네...ㅋㅋㅋ",0
6650634,밑에 3명 퀸즈 무개념팬이다,0
7631111,이런 미친 빨갱이 영화가 그당시에 아무렇지 않게 나왔었다니,0
10007679,"""이걸 4000원이나 주고 다운받아봤다니 내가 해도 이것보단 잘 만들겠다 영화 포스터에 """"명량해전, 과연 승리한 전쟁인가?"""" 이건 왜 있는거야 영화가 완전 산으로 가네""",0
6088240,근데ㅠ 영화촬영찍는다고 계속 우는데도 붙잡고잇고 어린고양이 스트레스엄청 받고불안할텐데,0
9598377,전문가 평점이 완전 후하다.,0
7768775,"1편은 감독의 힘이 컷다, 감독 바뀌고 모든면에서 허술하고 엉성함",0
9795905,배드 무비 고우 투 헬~!,0
8039516,남녀 주인공 조연들 전부 아이큐 50이하인 영화... 얼마나 바보들인지 뒤에 살인마가 나타났는데 앞에 사람이 말도 안해주는 졸라 황당한 상황만 많은 영화나오는 출연진들 전부 뇌없는 장애인들인가... 최소한 말은 되도록 만들어야 할게 아닌가..,0
630698,평점에 절대 속지 마라. 이건 영화도 아니다,0
9685975,걍 3류 에로영화. 걍 성진국 방송 쪼꼼 볼 거있다. 그게 끝.,0
8129375,진심 뭐이런게있냐..코미디라고?,0
6027612,드라마를봐도 드라마의의미가 안나오고 스토리가 부실함.,0
9603102,세상에 진짜 이딴 쓰레기 영화는 처음봄;;;아 잊고싶다 끔찍하다 꿈에 나올까봐 무서움 1점도 아까워,0
10060088,무언가 있다고 생각하는 사람들은 그 무언가가 뭔지나 생각해봤는지 모르겠네 한심한 영화다,0
1608731,진정무엇을원하는지 모르겠다.,0
6009564,"연출, 대본 너무 심각함 신선함 면도 없고 보는내내 짜증이 솟구침",0
6146000,허걱 드라마.,0
6145712,어지간히질질끌지 와 보면서 짜증나는드라마중 최고인듯,0
9799684,린치의 장편영화 데뷰작. 한마디로 치기 어리고 파격적이고 싶은 작가적 편린으로 가득하다. 린치도 걸음마는 아장아장이었다.,0
7521819,마이크대신 분홍신을 들고서 괴성과 고음이 어우러지는 신명나는 샤우팅 한판! 누가누가 OOO기를 더 오버스럽게 잘 표현해내는가가 이 영화의 관전포인트. 별점 반개는 이쁜이 태수를 위한것.,0
6818056,영화가 장난이냐 1점도 아깝다 일상적인 영화? 아나 웃기네 내 영화표좀 돌려줄래? 돈아까움을 영화보면서 처음느끼네,0
9304429,별로 웃기지가 않는구나,0
5304584,???,0
8243802,뭐야 황마마애라는거임?오로라는 알고 낳았다는건데...아무리봐도 개막장에 왜캐 내용이 더러운건지 모르겠군 오바이트쏠려,0
9453795,아무래도 내게는 '냥심'이 부족한가보다.,0
8391826,전개가너무빠르고 여자는징징대고변덕쩔고 남자인생들엇다놧다임 이상함뭐지싶엇다 영화니까 기본점수준거임,0
9150001,진짜재미없어요처음부터끝까지졸려서혼났네요,0
5185085,의외의 전개와 반전이 있었음에도 불구하고 이야기 진행 방법이 식상하다,0
3265319,오래전 vod에서도 상영한듯.....,0
7065626,"감정이 말살된 신인류에 대한 철학적 고찰이 전혀 보이질 않는다.거기에 엉성한 스토리 전개, 뻔한 결말, 유치한 대사..ㄷㄷㄷ 공각기동대 만큼의 완성도를 기대한건 내탓이겠지....??",0
8026672,배우빨로 밀어부쳤지만 허접한 영화가 어디가겠어?,0
8857400,의리만 가지고 10점은 줄수없다!!,0
9048681,유치찬란 종북코드 반일영화,0
9719496,서프라이즈같은 내용인줄 알고 봤는데 임사체험과 기독교 홍보영화였다. 왜 아이의 아버지는 천국의 유무에 대해 그토록 집착하는가.. 현재를 가치있게 살면 되는것을..,0
4867308,qudvkf123 // 그런데 지금은 똥쓰레기지. 혹시나 이 영화보려는 사람은 어찌하라고,0
9219399,콤럼비아는 애니메이션 진짜 못만든다. 대표작이 이거하고 <하늘에서 음식이 내린다면>이니.,0
5176529,3D로 본사람은 완전 안습. 동물나온다고 애들 데리고 갔다가는 정말 낭패~!,0
9702133,아~보다가 잠 들었다. 뭔 영화가 이래....,0
2387067,감독의 말솜씨가 조금만 뛰어났더라면 영화의 색깔이 많이 달라졌을 텐데..,0
1595190,개심귀 시리즈는 개심귀당귀만 보면된다 다른건 별로다,0
8559623,이거 극장에서 보다가 돈 아까워 죽는줄 알았음,0
9310833,일베를 위한 방송....,0
9822573,이동해때문에 봤는데 돈 아까워!!!,0
7233283,늦은 밤 12시에 불다꺼놓고 혼자 창문 열어놓고 이어폰 끼고 봐도 일요일 아침 서프라이즈 보다 안무서운영화 ㅎㅎ,0
6908648,왜난 재미없었지 ㅠㅠ 라따뚜이 보고나서 스머프 봐서 그런가 ㅋㅋ,0
7973189,꺼지셈 내가 1픽,0
9986682,이젠 한계에 부딪힌듯. 요리 프로인데 진행자 들이 너무 말이 많다. 미혼인 게스트들 나오면 이성 드립치는 것도 지겹고..,0
10170723,놀란은 헐리우드의 진정한 중2,0
8063771,솔직하게 평점을 매기겠다,0
9893696,참 뭐라고 말해야할지~~ 나도 이런 영화 만들겠다.,0
10246594,3점짜리. 힙찔이 새끼들 떄문에 2점 깍음. 임신시킨여친 버리고 걸레한테 배신당하고 ㅋㅋ 합리화 개쩌는영화. 전형적인 땟갈좋은 쓰레기새기 미화 영화.,0
3474924,아//,0
5915411,에휴 ..,0
3789038,내용도 없는데 시간은 왜이리 길까요..,0
9072522,내 다큐좋아 많이보는데 이거 아마추어티가 너무난다 고등학교 방송반에서 만든 느낌이랄까,0
9495612,억울해.. 억울하다고!!,0
779858,내가 영화관에서 처음으로 중간에 나가게 한 영화,0
8103169,별점한개도 아까운 드라마...보다보다 이런 말도안되는 드라마 첨 본다..작가는 도대체 무슨 생각을 하는지..어지간하면 뉴스보기전 별생각없이 보는데 하도 기가막혀 요즘은 일부러 9시 맞춰 tv켠다..최악..개콘..,0
7079413,레알 쓰레기다. 어쩔수없이 본영화지만 내가 수많은영화를보면서 시간낭비라는 느낌을받은 몇안되는영화,0
9854886,극중 캐릭터는 후발부로 갈수록 점점 자멸함 정작 pd는 가만히 구경만하고 복수완료 함 소재는 좋았으나 스토리가 이상해짐,0
802482,"가장 편견에 사로잡힌 건, 관객이 아니라 그대들이었다.",0
5493491,뭔 스토리가 유아수준인듯 액션도 왜이렇게 개막장;;;못봐주겟네ㅔ,0
6621692,자연스럽게 1점 주고 가네,0
8622080,진짜..뭐냐 민국이나 지아는 더빙 더이상시키면안되겠네 더빙이 얼마나중요한데 이런애들을시켜데뷔도안한애들을 연예인이해도 뭐라고하는판에,0
8366825,아니 양심적으로 평점을 줍시다 이 영화는 평균평점이 2점이상 나오면 안되는 영화입니다. 근데 자기만 시간 낭비하긴 싫어서 물귀신작전 쓰네요 ..-.-,0
9991093,"1이 기대치를 너무 높여놔서 그런지 핵노잼 노답. 답답한 민폐 캐릭터가 너무 많고, 뭔 소설인가 대사가 너무 심하게 길고 많다.",0
9748294,쓰잘데 없이 달콤한(?)멜로를 뿌려대..,0
2309773,보는데 한계가느껴짐,0
8135320,시나리오 그래픽 전부 빵점 1점도 아깝다 리메이크 기대했는데 완전 졸짝,0
5147855,재미도 감동도 느낌도 없는 인간극장의 마이너판.,0
5713565,막장..별루,0
9037568,아..ㅈㄴ시시하고..쿵푸팬더 개끼고..걍 ㄲㅈ,0
1192381,손태영만 안 나 왔다면 5점은 줬을 것이다!,0
9994918,더맨더먼도 아니고 친구 잘사귀란거랑 계획없이 휩쓸리면 폐가망신이라는것만 진리네..,0
3920095,자지 않은 내가 자랑스럽다!,0
6887996,"안 잤어, 난 안 잤다구!! 와하하",0
6908059,허세존나부리네 OO은년들... 0점은 없냐?,0
9682663,나도 함 보태줘야지. 444!,0
6632547,이런저런 핑계로 이제야 보았다..보는내내 1999년에 만들어진 랜덤하트란 영화가 생각났다..,0
7860658,난돈내고봤다,0
8557143,고인의 명복을 빕니다 ..,0
9619893,글쎄요. 난감합니다.,0
5462240,더빙이 다 망친영화.애니에 정말 안어울림.. 코끼리행동완전귀욥목소리땜에 징그러움,0
4342953,흠....지루하다...,0
7472622,아만다 팬심으로 봐도 이거밖에 못 주겠다.,0
9820359,연기때문에 본다본편이 아닌 예고편의 느낌,0
2421925,너무유치해서... 중국영화 이젠 유치함..,0
4770919,저기 4사람 합친것보다 김현중이 훨빼 더 나음 ㅋㅋ,0
3838257,간지만챙기는영화 결국엔 남는것도없고 빵점은 없나,0
9787120,배가 너무 고프게 만드는 영화입니다. 팝콘 꼭 챙겨가세요.,0
9958912,왜 네이버에 이게 떠있나,0
3593340,이쁘긴한데 이미 있었던 태마의 변주,0
9530179,제 취향엔 안 맞는 것 같습니다.,0
6838399,나 빼고 극장 사람들 전부 자고 있는 소중한 추억거리를 만들어준 고마운 영화. ㅋㅋㅋㅋㅋ 살면서 이런 영화를 보게 될 줄이야.,0
4539016,잘 모르겠네요.,0
1145494,뭐하잔거냐...신선들이 비웃겠다....,0
3274959,코미디 영화인데 중요한건 웃음이 없다..이런영화는 좀 만들지말았으면..,0
5660410,평점 알바들이냐? 정말 CG가 아깝네 엉성한 스토리 전개에 할말잃음.,0
8110285,내생에 최악의 영화중 하나 졸려서 미칠뻔....,0
9351772,어제한 땀흘리는 여자들편 보고 김구라땜에..정말 쉣이엿음.. 여자선수들한테 화장이어쩌고.. 몇키로고.. 정도껏해야지 너무 무리수를 막던졌다..보는입장으로 아주 거북했었음..김구라좋아하지도 싫어하지도않는데..알아서 자제좀하시길.. 어젠정말쉣이엿음..,0
9767811,OO하다가 마지막에 꿈이야 ㅋㅋ 장난하나?아이덴티티는 아무나 만드나 ㅋㅋ네이버 평점 문제많네0점짜리 영화를 1점이나 줘야 하다니 ㅋ,0
9135368,Tmfprresrserfser,0
8688415,덴젤 워싱턴이 심리전문가라더니 그냥 액션전문가더구만 시간 죽이고 싶을때 볼 영화,0
8471728,얻을 것 없는 데인저러스 무비.,0
9366398,드라마 뭐같네.복수호 불쌍타.,0
7493890,노자나올때부터 알아봤다,0
5446016,별 한개도 아까운 영화 이런 영화도 만드는 구나라는 사실을 알게되 공부가 됬던 영화,0
5222165,짜져요 쫌,0
5452052,본격 돈OO 영화다. 왜 흥행 대재앙 영화인지 알겠다.,0
7015839,"신데렐라는~ 어려....아, 진짜 못 만들었네 -_-",0
2408344,마이너영화.,0
7880089,ㅋㅋㅋ슈볼랔,0
7719947,상우님 이런 영화 너무 실망이요 이게 대체 뭔가요~~~~ㅡㅡㅋ,0
5853239,평점보고 지대로 낚였네 저 점수는 초딩들이 다준건가 초딩들도 안보겟다,0
293833,쩝...,0
3248515,원작이 더 나은듯..,0
9413370,"300+스파르타쿠스+삼손 ...죄다어디서 다 본듯한 것들의 모음.. 듣보잡 감독인가 했는데, 레니 할린의 작품이라니;;; 제일 놀라운 부분이었습니다.",0
2514555,엽기적인 일본적 에로틱 상상.,0
7478087,정신병자같은 저 최선정 연기가 잘하는거면 나도한다그딴연기 방송으로 내보내는 감독도 웃긴거 아님?정말 이 드라마 만든사람들이나 연기하는사람들이나너무 웃기고 어처구니가없다 퍼뜩 종영하소 시청자들 열받게하는 그지같은 드라마!!!!!!,0
6589061,이지혜발연기가돋보였던 영화 내가이걸 다시 보느리 차라리 ebs 인강 50번본다 ㅡㅡ,0
8085873,알바가 조작한 평점 깍아 드려요,0
9438209,"이 영화 류승룡,성동일씨땜에 봤는데마지막 소도축하는새끼 땜에 망침완전 최악의영화",0
4311808,"초딩4학년 이상이면 지루해할 영화,우웨볼이 만든것같은 영화",0
7323799,"딱 7.5 정도 생각했으나, 평점 높아서 1점. 소재, 설정, 김선아 연기 다 좋았으나, 갈수록 억지설정에 한계가 보여 아쉽다~ 이장우. 웃음도 안나오는 오버연기에 손발오글. 진지해져야하는 부분에 그닥 집중안되게 해준.. 옥의티같은 이장우.",0
7264140,제발 좀 복수 통쾌하게 해주세요 제발요 너무재밋긴한데 답답해요 부탁합니다,0
9439225,더빙 진짜 거슬린다...,0
5173233,지저분 공포.,0
4674830,포스터부터 맘에 안든다. 지진희 좋아하는데.. 젠장,0
8670720,이로이감독 이름처럼 영화도 난해하다,0
6744624,그냥 모든 게 다 어설퍼 .,0
6254790,여기서 부터 망하기시작..,0
9104338,"작붕,설정 대 파괴,스토리 부진 등 15주년 기념 극장판을 거하게 말아드신 희대의 졸작. 역대 최악이었다",0
10191624,감정의 과잉이 짜증을 불러일으킨다. 아마추어적인 한계가 명확.,0
8023397,이 영화의 메시지. 자연보호를 하자~,0
6238951,월드컵이 한창이던 그시절 남자셋 여자셋이 같이 보러가서 그 중 넷을 재워버린 영화.,0
2086721,시간 때우기로 재밋다,0
10067215,노무현 정권에 대한 낯간지런 아부. 임상수 먹튀의 시작!,0
10063580,김한민영화는 허식만 가득하다. 졸작메이커.,0
6161005,배우들이 아깝다 이 양반들아,0
4400798,불면증 환자를 위한 영!!!!화!!!!,0
7787612,0점주고싶다 시즌1이 더 재밋다 시즌2쓰래기,0
8843129,노잼진짜이걸왜봐야하는지모르겟다우리아이도재미없다던데,0
9443946,캭캬캬 내가 내려주지ㅋㅋㅋㅋ,0
7580111,내생애 영화중 최악,0
9849834,흑인 백인 쥰나 우려먹네 ㅋㅋㅋㅋ,0
8941388,"민폐남이 주인공이면서 난 달라 하는 꼴이 매우 웃겼다.다시보고싶지도 않고, 킬링타임으로도 아까운 영화다. 최악이다.",0
9639262,에효 열라구 재미없네...,0
209055,남자들은 절대 보지 마세요. 여성용 영화.. 남자에겐 최악...,0
9237779,말만 되게 흉내 냈다면 좋았을텐데.,0
7550652,재미없다..,0
7090073,별로,0
1399869,내돈 내놔 ~ !!!!!!!!!!!!,0
4879047,연기 못하는 청춘스타들로만 주연해도 안되는건 안돼,0
4060334,존나 졸림,0
8646922,상황은 재미있게 설정 되었지만 내용은 그다지...,0
3949500,악 !!!! 짜 증 나 .,0
8837165,이 정도 평점받기엔... 조금 그렇지 않나 하는생각이...,0
4662791,아웅..시간낭비했다..지루하네요,0
2902261,전개되는 과정과 결말이 뭔가 유치하고 어설픈탓에 감동도 여운도 별로...,0
9636952,화제가 된 사건을 다룬거 빼고 머 하나 현실적인게 없음.인물들이 너무 현실성 없게 그려서 노출이 많다는거랑 실화인거 빼고 남는게 없네요.,0
9131560,만들지 말았어야 할 시리즈,0
1140758,생구라 좆쳐발라라 이게 무슨 2편이냐 ㅋㅋ,0
9730537,더 이상의 희생자가 나오지 않았으면 하는 마음에 로그인했다.,0
10218956,그저 나의 잃어버린 100분이 아까울뿐...,0
8490031,은지원의 드러운 인간성이 드러난거 한가지만 엄청난 소득... 이렇게 좋은 재료의 프로그램을 이렇게 망하기도 쉽지 않은듯.... 1점도 후하다,0
5461663,"이따금 tv에 방송하면 보고, 안봐도 그만^^&..",0
7592710,주식회사와 협동조합의 극명한 차이는 그것이 과연 이익의 극대화에 도움이 되냐고 하는 점에 달려있다. 주식회사는 대주주의 천재성에 나머지 주주들이 편승할 수 있기에 의사결정의 폭발성이 보장된다. 하지만 협동조합은 1인 1표의 의사결정권을 나눈다,0
5229197,영화와 같이 나의 정신도 산으로 ...................,0
5022139,지루하드라,0
6190065,3d영화의 대부분은 이런 빈깡통..타란티노 발톱의 때만도못한 흉내도보이지만 전혀~,0
2507505,거부감 드는 소재도 문제지만.... 무지하게 지루한 연출에 답답할뿐이다,0
9773415,"얼굴이 부자연스러워~ 이상해~ 고전적 여인의 섹시함도 아니요, 스토리도 베드신도 어디에도 집중이 안된다.",0
7739040,이게 어딜 봐서 스릴러라는 거지? 러브코미디 요소가 강해서 지루하기 짝이 없다. 후반 30분은 그나마 볼만하지만 뻔한 반전은 주제의 진부함을 더 진부하게 만든다. 모건 프리먼과 브루스 윌리스에 혹해서 이 영화를 본다면 당신은 정말 불행한 것이다.,0
6634881,무도 베끼기,0
459379,"시간 많은 사람, 인내심 강한 사람, 할일 없는 사람.. 강추",0
6243691,여중생 장갑차 압사사건도 헐리웃에서 만들면 이런 식이 될 듯.,0
8186048,늘어지고...별로네...,0
1368071,무슨 코미디가 이렇게 안 웃겨,0
10214232,영화가 긴장감도 없고 재미도 없고 영화보면서 욕하기는 처음이네 참 류승범 연기력은 있어도 시나리오 보는 눈은 없는것 같다,0
10272937,꼭보세요. 중고나라에서 1500원에 예매권 팔더라구요.,0
3978687,OO같은 OO영화 씨발 ㅋㅋ,0
6040967,...,0
602645,"풍자적인 영화, 토요명화같은데서 우연히 볼만한 시간때울 영화",0
5558773,비현실적이고 재수없는 설정 밥맛이다. 그놈의 정신분열타령 그만했으면..,0
3919249,난 별루,0
8133739,학교에서 보러갔는데 진짜 엄청나게 지루함영화보면서 졸린 영화는 처음임,0
5114093,90분을 두시간으로 늘리고싶다면 이 영화를 추천. 굉장히 재미없다,0
10112643,싸이보그지만 괜찮아? 난 안괜찮아!!!,0
8500387,목적에 충실한 어떤 것.,0
2915110,많이 실망했네요. 일단 무섭지 않고 긴장감이 없고...볼꺼리도 없는...,0
6636284,재미 더럽게 없다..1점준것중에 한국영화는 10점주는 M창있네,0
5707943,김석훈이 젤 귀엽다!,0
5446798,그래.. 그래도 코어:리미티드 보다는 스케일이 2배 괜찬은거 같음 그래서 1점.,0
5393190,지루하면서 어떤 감동이나 흥미가 없다.,0
9459766,어린 시절 봤을 때에는 감동적인 것 같았는데 나이 먹고 보니 너무 유치하고 단순한 영화라서 정말 지루했음. 2배속으로 해서 봤다는...,0
4835564,중국어로 뮤지컬듣는기분이란...닭장앞에서 하루종일 쪼그리고 앉아있으면 이런 느낌?,0
6163861,로맨틱 코메디의 막장의 좋은 예. 게다가 음악은 어찌나 어색하던지..,0
7671147,스릴도없고 재미도없고 주인공 남자는 손이 다친건지안다친건지 연기 더럽게 못하고 무슨영화지..,0
9883550,이 개 쓰레기 영화를 돈주고 봤다는게 너무 아깝다. 현재 사회 분파 얼어죽을 제작비 아낄려도 푸닥거리짓 하는거랑 중점 내용도 없이 지들 쥐좆대로 진행 되는거랑 스토리? 니미 중학교 2학년이 써도 저거보단 개연성있겠다,0
6172302,정말후진드라마~~!후처또한벌받어야쥐남편아이가아닌다른사람아이를가진건불륜이징,0
8799334,으... 밑도 끝도 없음. 여자가 처음부터 자기혈청을 제공했으면 카오스가 안왔을거 아님?,0
10182626,내가 이걸 왜 봤지...,0
5370661,본ID:twelve_12 이 영화 음식만 찍음.. 무슨 요리TV인줄 알았네,0
10005373,허허허.. 외로운 총각(?)들이 밤에 홀로 보기 좋은 영화군요.,0
7017161,"이쁜척을 왜이렇게하는거야.. 옆집갈때도 하이힐신고, 입벌리고 쳐다보고. ㅋㅋ머리는 작업할때도 비와도 웨이브 긴머리 치렁치렁 . 만화냐 이게?",0
9701348,여주 비주얼이 존카터만큼 안타깝다.,0
10240772,ㅋㅋ 감독님! 빨리 자살을!!,0
7851121,저밥,0
9663175,뭐야 개그영화아니였어? 공포??ㅋㅋㅋㅋ방금 봤는데ㅋㅋㅋ무슨ㅋㅋㅋㅋ마지막에 상어 배에 드가는거 뭐지ㅋㅋㅋ판타지야? 개그?주인공 무슨 베트맨 슈퍼맨인가정말 보면서 진짜ㅋㅋㅋㅋ..2014년이란거에 더 놀랐다,0
6391739,키아누리브스가 그리워진다,0
6414112,꼭 보세요! 두 번 보세요! 블루레이도 지르세요! 나만 당할 수 없다!!,0
7282075,조웅목사 새끼의 근거도 없는 선동에속는 미친년은 리얼돌이랑 다른게뭐냐?,0
9672837,난 너무 정신없고 재미없었음.,0
5961091,재미도없고 감동도없고..,0
9615400,영화와 다큐사이 불굴의 생존일기,0
4488984,이 제 그 만 혀,0
8032530,무엇에 쓰는 영화인고...,0
9849293,이영화 어제 티비에서하는데 보는데 시나리오고 나발이고 나오는연기자들 연기 죄다못한다진짜 ㅋㅋ 특히 오인혜인가 ㅋㅋ 진짜 대사칠때마다 오그라든다 오그라들어 ㅋ,0
1732186,불륜이 아름답다..하지만 별로...,0
8878017,역시 미국영화.. 주인공 영웅화시키기 바쁘다-_-,0
5534883,내가 감성이 메말라서 그런가.. 분별력이 떨어져서 인가.. 2% 부족,0
9558517,"좋은 소재를 가진 영화들은 두 분류로 나뉜다. 소재를 잘 살려 많은 이들에게 사랑받는 영화, 혹은 초반부 흥미롭다가 미약한 전개로 수습하기에 바쁜 영화. 안타깝게도 이 영화는 후자에 속한다.",0
8382271,이건 정말 내 인생 최악의 영화,0
2144433,"뭐야 이게, 만들다 말았어.",0
2966053,평점에 낚임 ㅜㅜ 너무 헐리우드식 유머에 익숙해져버린걸까. 당췌 재밌지가 않다.,0
8841844,노잼 아추천해줘서 봤는데 와...우,0
9854133,이야기가 화려해진 비주얼을 따라가지 못하는군,0
787891,"""브랜든리의 죽음을 헛되게 만들어버린 """"속편들""""""",0
9973522,한국형 무협 판타지로써 볼거리나 CG 등은 예상했던 것보단 나쁘지 않는다. 하지만 김태희의 어색한 연기와 낡고 진부한 줄거리는 진행될수록 영화를 지루하게 만든다.,0
4874413,..... 할말없음,0
3781196,이런 영화 왜 만드는지 모르겠다.,0
8124886,MBC는 왜 이드라마 반영하는건지... 사람들 평보면 모르나? 저작가... 정말 유치하자나. 왠만하면 이런데 글안적는데 도저히 참을수가없다!!! 정말 컨셉도없고 느낌도없고 짜증만나는 드라마네.,0
3489506,구라새끼,0
9178031,다른분들처럼 저역시 메리다 목소리가 넘 거슬리네요~메리다 더빙을 성우분이 하셨다면 느낌이 많이 달랐을 것 같아 많이 아쉽네요....,0
8439306,아주 즐겁지못했네요광고는 아주아주 흥미롭던데ㅜ암튼 극장에서 실컷 자다나오긴첨이예요ㅜㅜ,0
4188125,알 파치노를 빼면 아무것도 안 남는 영화. 잭 그램이란 캐릭터도 심란 그 자체.,0
4675446,뭐.. 참 잘 만들었다.,0
8051367,이게 공포영화야?장난하네,0
9849596,시간아까워요 보다가 그냥 끔,0
8878235,"엄마 찿아 3만리..,,",0
1926100,이거 중국영화였냐?? 일본영화중 알았다.. 뭐 둘다 똑같지,0
3365330,도대체 무슨 생각으로 이런 영화를 만든건지...,0
9678054,OO 낚였네 이거 완전 개빨갱이 영화.. 절대보지마셈 쓰레기임... 시간만 날렸네...,0
8912844,노답이다진짜노잼영화,0
3064112,나는 이 영화를 잘 모르겠네. 제목과 무슨 연관이 있는지.. 기대와 다른 영화.,0
5859711,강호동 없으면 끝이지 머,0
10149146,126억 들여서 개똥을 만들어 애니메이션 사업의 새싹을 싹뚝 잘라버린 작품.,0
7079241,비무장지대에 물소가 나오고 이게 뭔짓인지 ㅋㅋ그냥 막장이다,0
4607238,재미없었어,0
8686001,빵점 주고싶은데 그래도 김희정씨 연기가 좋아서 별 하나 줍니다.,0
9655457,볼려다평점보구..안보게여,0
6927014,최악드라마예요....처음부터 끝까지 보긴봤지만 계속 속터지며 봤어요ㅠ 첨부터보지말걸 ㅠ 어떻게 이런결말을.. 너무너무 황당합니다....,0
8694908,파라노말 시리즈 좋아했는데,0
8225087,대충만들어도 이거보단 나을듯. 정말 1점도 아까우나 그나마 순이가 내림 굿하는 연기를 맛깔나게 잘해서 +3점,0
241958,"흥미로운 설정, 나머지는 지루함으로 채운다.",0
9736766,엄마 나 뭘본거야;; 도저히 모르겠네,0
7238131,인생의 여러 일면들을 보여준다지만 점점 망가져가는 사람들을 보면서 함께 우울해지는 것은 사실.. 보기에 역겨운 장면들도 많다. 다루기 힘든 소재를 다룬 점에서는 인정할만한..,0
9060870,댓글보니까 다 알바네 거의다 조카랑 보러갔뎈ㅋㅋ,0
8733427,지루할뿐인영상외엔 볼게 없는 영화,0
9247969,공짜라도 절대 보지마시길 관객에 대한 모독입니다~,0
5811729,80년대다,0
9987536,뭐라고 표현해야 할지 모르겠네요..절대 재미있딘 않고.. 뭔가 메시지 가 있는듯한..배우들 케릭터는 확실하네요,0
4082452,듣보잡,0
9852599,전도연이란 배우가 아깝다 진심으로..,0
7756806,이건뭐공포영화가 아니라 코미디수준...ㅋㅋㅋㅋㅋㅋㅋㅋㅋㅋㅋㅋ살다살다 이런유치한 공포영환 첨본다,0
4378921,별점 정말엉터리입니다.. 어이없는 나쁜남자에 이용당하는게 무슨 낭만??,0
7831749,가족애를 보여주고 싶은건지 춤을 보여주고 싶은건지 노래 잘하는걸 보여주고 싶은건지 하여튼 뭐든지 하다말아서 걍 이도저도 아닌영화,0
9798584,"같은 한국인이라는게 다 부끄럽네, 우리가 중국 욕할 처지가 아니구만...",0
118455,영화같은 영화 ~ 한번 보세요 ~,0
7685190,이영화 볼시간에...낮잠을 자는게 시간 낭비 안하는 지름길이다.,0
2240104,스릴러일 수도 있겠다... 긴장감이 전혀 느껴지지 않는...,0
4587962,쓰레기 8점~10점주는것들은 뭐야? 한국영화 10점주면 애국이냐?OO자식들아?,0
5947604,기대이하,0
8449958,쉣돈아깝다 돈아깝다 돈아깝다,0
5915909,일본 덕후들을 위한 쫄작. 그 이상도 이하도 아닌... 돈 아깝고 시간 아깝고 오케이?,0
6828868,기대가 컸던 소재인만큼 실망도 너무 컸다. 스토리도 너무 재미없었다.,0
8208261,평점 하락세가 장난아니네,0
8178623,내가 극장서 본 최악의 영화,0
9109625,의도한 바를 충분히 끌어내지 못하고 장치적으로도 많이 어색했던 영화,0
9284023,소재와 배우들이 아까운 쓰레기 영화,0
1597727,좋은 주제를 이런 식으로,0
212932,강동원! 이런 드라마만 출연하면 인기 얼마 못간다~,0
5261567,뭐야이건..,0
8075747,여기가 알바천국 이구만,0
1435333,ㅎ...할말을 잃을 듯한 영화...,0
9286867,정말 그저그렇다는 말이 어울리는 애니메이션,0
809525,그냥 아놀드를 위한 헐리웃 액션물 별로......,0
4928649,전지현의 미모와 몸매가 아깝다.,0
1633884,다수가 아닌 소수를 위해 만든듯한 영화..너무 어렵다;;,0
3493908,다큐감독이라는 인간이 참 자질이 의심스럽군 중립이어야할 다큐에 지나친편향이라니,0
6150589,볼 게 없어 이런 것도 봤다능...,0
8397873,연출을 발로 한 영화. 짜증 남,0
9806868,개연성은 찾을래야 찾을수가없고 심지어 슬프지도 않더라,0
9997808,말좀 들으면 어디가 덧나냐 ...진짜 보다가 화난다 여자주인공 노답,0
10002306,불편한 영화네요 동해 언어 표현이 참 유치하고 지들은 웃기지도 않은 떵폼,0
500859,이경영의 게리 올드만 흉내내기.,0
4989684,이게 뭡니까 이럴바엔 왜 만들었는지 억찌로 기워맞추는 퍼즐 형식.,0
4887112,줄거리 뻔하고 무섭진 않지만.. 마지막 3편 귀신 넘 귀여운데..?; 내등뒤에 붙어줘~,0
9146139,"아이들이 보기에는 너무나 재미있는 이야기이다.하지만 성우, 스토리는 꽝인 것 같다.",0
6765423,드라마 친딸찾는거 너무 슬프네요 인혜힘들게 하지말고 빨리좀찾아주세요 똑같은전개 너무 끈다 답답함,0
2530263,음............ 그냥 그런..................,0
9443411,심은경 씨 예전에 영화에서 봤던 그 모습 어디로 갔나오...전혀 사랑스럽지도 않은데 억지애교연기를하질않나.... 사람이 이상해보이고 정상아닌것같아요.. 한국의 여자오타쿠느낌... 시끄럽고 귀찮은 여친느낌..와.. 역할이.사람이 이토록 버려놓다니.,0
9832734,이 색기 영화는 왜 다 이따 위야????,0
4843149,어림 반 푼 어치 없는 사랑교육법..,0
10277305,이런거 안쓰는데...어느 정도껏 해야죠미술팀과 카메라팀 노력이 엿보여서옛따 평점,0
9562861,화면 흔들림이 없었어도 달라지지 않았을 망작,0
8605101,ㅋㅋㅋ 진짜 쓰레기네 ㅋ,0
3570950,개그맨들이 출연하는 영화 신경쓰면 재밌을거같은데 너무 막 만드는거같다...,0
10106516,아무리 연애인이라지만 발음도 안되는 애를 데려다 성우를 썼냐?,0
10101653,저 줄거리 하이텔 필름스 시절에 내가 쓴 건데...ㅋㅋ,0
279288,고소영 영화중 재밌는 영활 못봤다.,0
8194240,볼때마다 현영 귓방맹이 후려갈기고 싶음,0
9659955,몰입하기 어려울정도의 어색한느낌의 연기들과 한방이 없는 스릴러...올해본 영화중 가장 실망했습니다,0
10212131,진심 충고한다 절대보지마라.. 캐스팅에 속지마라,0
2087726,나의 기대를 저버림...,0
7629205,정신병걸린 집착녀와 호구 찐따 남자의 주접떠는 영화,0
1590593,지루해죽겠다. 장난하냐? 하나도 애절해보이지 않는다.왜 튕겼어? 응?,0
6878329,오바,0
6393539,뻔한 스토리 쫌 에휴 ~,0
4236348,두 번 웃어서 두 개~,0
10016714,원작만화를 모독햇다.,0
5594406,드라마 안보면 이거 몇번 봐도 스토리 이해 안간다.드라마 짜집기한거 같은데 편집 수준 형편없다,0
9907915,미친 이건 꼭 봐야 합니다,0
8112166,전쟁을 장난으로 취급하다.,0
6064234,"소재는 좋지만, 좀 더 투자했으면.........",0
10212284,보는중에도 내가이영화를 왜끝까지보고있을까싶은영화.태어나서정말 이런영화처음.나도영화감독이될수있을거같다,0
56297,지루하다... 코메디물이라는데... 반헬싱이 더 웃기다,0
7755771,앞이 뻔하게 보이는데 너무질질끄니 재미없어요 요즘작가분들 똑같은 스토리로 넘쉽게 돈버는것같네요 ㅋㅋ아침부 푹푹찌는더위에 왕짜증나네요,0
8047260,킬링타임용 영화!!!,0
9908736,그다지.. 재미도 없고 야하지도 않고.,0
7709483,시대가 어떤 시댄데 이런 개 허접 쓰레기 액션 영화를 쳐 만드냐 18.. 야쿠자가 심장 구하려고 한국에 쳐 오질 않나.. 주인공 2명은 생긴게 완전 개 거지보다 못하질 않나..액션은 초딩 새끼들 데리고 찍어도 더 잘 찍겟네 18..더럽게 연기 못하네,0
330827,몇번을 봤지만 한장면 빼고는 기억이 나지않는...,0
3543149,조악한 그래픽 유령 형상. 특징 없는 공포 영화? 시시하다.,0
10183885,마치 중국이 민족간의 화해를 우선으로 해오던 나라처럼 묘사하면서 다민족 분열의 위험이 있는 내정을 무마해 보려는 중국판 내셔널리스트 영화로서 역시 청룽이구나... 정계진출 하려나...,0
9298881,고등학교 때 영어 수업 시간에 본 영화. 유치함. 나와는 안 맞는 로맨스 코미디,0
9085733,2시간가량의 시간안에 너무많은걸 담으려고 급하게이것저것 끼어넣어서 정신없고 짜증만 났슴 확실히 재난이라는 소재로 나온 한국영화는 아직 발전중인듯,0
8384714,인터넷뉴스에 기사좀 써달라고 돈 쪼끔 줬나본데.. 쓰레기.. 야해?풉... 에로배우 데려다가 뭐하는겨 ㅋㅋㅋ,0
5445260,제목이 맘에 안들어!!!!!!!!!!!!!!!1,0
8976510,"이건 뭐 본 것도 아니고, 안 본 것도 아닌 찝찝함. 마치 데드캠프4탄 같은 기분이다. 찝찝해.",0
8075172,감독의 연출력이 수준이하,0
9369595,"""폐지 반대 주류""""평점 한줄요약:이프로를 좋아하는 부류는 10대 여자입니다""""쉴드치는애들 너희가 일본 위안부 였어봐 기미가요가 그리 가벼운 일인지ㅎ""",0
7635635,"""개 쓰레기 영화. 이 영화 높게 평하는 사람들은 저능아이거나, """"약속은 약속이니까요"""" 같은 뻔지르르한 말만하면 질질싸는 사춘기 10대이거나둘중의 하나임이 분명하다. 니콜라스 케이지 좋아하는데 끝까지 보려니 울화통 터지는 영화.라스트갓파더와 동급영화""",0
9813619,뻔하고 이해하기 어렵다,0
9480204,고생 또고생 개고생 끝나지않는 고생길의 연속에서 부성애를 강조한 영화--- 허나 그열정적은부성애하나로 영화의 지루함과 뒤떨어진 연출력까지 커버하긴 버거워보인다 원작이 어떤대작이던간에 영화로서만 보자면 한숨나오는 영화다,0
9108036,이영화 가위 중국판으로 리메이크한거란 말 왜 안하셨나요???,0
9317836,이거뭐...스토리가 시작부터 벌써...,0
1168810,이딴건왜또만드냐,0
5155698,재미업음,0
6561208,이것도 저것도 아닌 밍밍한 영화 특히나 맘에 안드는 결말,0
6181246,첩보나 액션이 아니라 진실과 거짓에 대한 철학적인 영화임. 전자를 기대하면보지마셈,0
9762640,1점도아까운영화다..끝날때까지답답해서짜증나게만드는영화...,0
5795123,애널에 대한 영화인가요.....? ^^;,0
5916732,히치콕을 따라하는건 좋은데...,0
10161121,엄청 지루... 이렇게 이야기를 풀어내면 안 조는 사람이 없을듯,0
5348396,오시이마모루는 항상 그림이 아깝다. 할말이 많으면 차라리 책이나 쓸 것이지...,0
9049490,역시 욕하면서 보는 아침드라마는 SBS가 짱인 듯..,0
7934053,완전졸작이네.....혜교씨..ㅋㅋ개싸이코구마..,0
3129302,에이...2편에서끝냈어야함...이건 영웅본색시리즈에서 빼야함..,0
8776250,진짜리얼참말진심재미무.,0
7343938,"당연히 있지...내 인내심 테스트 할라고,...OO아...",0
3989945,2000년에 나온 영화 맞나.. 1970년에 나온게 아니고?,0
7626344,"당연히 성별평점을 보고 알겠지만, 높은 평점을 준 90%가 카시오페아, 동방신기 팬클럽이다. 이 영화의 평점은 의미가 없다. 객관적으로 보면 4~5점짜리 3류영화입니다. 속지마세요 여러분.",0
10131645,제목이 이기 머꼬? ㅠㅠ,0
7627845,이런걸 왜 만드지 싶다..... 아.... 류수영.........이런거에나 나오니까 안뜨지 ㅠㅠ 사람은 참 좋던데,0
5393402,"알맹이는 빼둔째 겉멋만 요란한, 인내심을 요하는 영화",0
8895064,다큐를 영화화해서 불편. 다큐내에서도 좋은 작품이 아님. 부분 부분 괜찮은 연출은 보였음. 마지막에 양동근 춤추는 모습은 재밌음. 흑인 음악에 내용은 거의 없고 광신도적인 내용만 주류를 이룸. 양동근 제외 나머지 캐스팅은 별로 안어울렸음,0
2678756,반쪽짜리 별도 아까운 내가 본 최악의 영화,0
4206343,연기도 각본도 연출도 어느 것 하나 제대로 된게 없다.,0
3989961,그냥그저그래네요 스릴러를너무봐서그런가??..,0
9061313,그만 좀 해라.또 데모하고 또 도망가고. 그만좀 같은 얘기 질질 끌지마라.또 똑같은 얘기를 지겹네,0
760535,돌프 룬드그렌 영화 다운 쓰레기 같은 영화.,0
8657198,진짜 x나 재미없었음아는애랑 보러갔다왔는데 영화보고나서 돈이 아깝단 생각이 들었던 적은 이번해 들어서 처음이었음영화내내 쓸데없는 말이나 계속해대고 정작 액션영화인데 액션은 x도없음ㅋ돈낭비하고싶으면 꼭보셈 두번보셈,0
7715781,"싸이코남 연기 더럽게못하네, 나머지는 말할것도 없고",0
7703721,? = 영화 다보고 난 느낌 = 돈아깝다,0
3461321,비평가들 평을 보면 이해가지 못할 부분이 많다 뭘 보고 최고의 스릴러 운운하는지,0
269532,악어가 크다고해서 영화가 대작일 순 없는 법,0
6090179,슈렉임,0
9895982,기대치에 못미치는 듯...,0
6002028,허접한 스토리와 연출 그리고 발연기...전문가평점을 참고하시길,0
9485742,진짜 뭐야 이 영화.. 답없다,0
503007,의외로 찰리 쉰 이런 삼류 액션을 많이 찍었네...,0
3138758,실체없는 범죄를 쫓는 스릴러...이런 스타일도 이젠 지겹다,0
9093289,이건 말그대로 사기입니다. 찍을려면 제대로 찍던가! 이게뭔가요? 오인혜는 첫영화이후로 계속 벗는 척만하네요. 근데 마케팅은 항상 오인혜의 노출씬 끝내준다는 식이네요. 더이상 속지맙시다.,0
1252175,주제도 식상할 뿐더러... 대안이 없다.,0
9665324,교훈:평점은 믿을게 못 된다,0
7241282,어떻게 이영화가이렇게 평점이높지?? 여주인공짜증나고 영화자체엉성 킬링타임용으로 본 시간조차 아까운건 어떻게해야됨,0
10207309,나의 절친 악당들 2014,0
10135623,반미감정을 부추기는 영화란 이런 것. 미국 부르주아가 주는 혐오감.,0
8647832,별로.. 시간이 아까웠던 영화.,0
9313017,"화려한 출연진에 못미쳐도 한참 못미치는 영화, 지루해 죽는 줄.",0
7436138,"내가쓴거는 지워졌네. 이것도 관리하나요? 이거 인터넷티브에서 예전에 4000원내고 제가본거임. 중국영화라서 액션기대하고 봤는데, TV로 봐도 지루합니다. 액션하나도 없음",0
9333306,영화에 등장하는 인물 모두가 싸이코인 영화도 찾기 힘들듯ㅋ,0
4141507,별루....,0
10122914,아직도 광주사태를 민주화라고 믿고 있는 사람들이 있나? 518광수들이 계속 발견되고 있는 마당에,0
2978307,공포만 할꺼면 공포만 하던가 코미디 할꺼면 코미디만 하던가. 이건 뭐 ㅡㅡ,0
9737499,"박찬욱 스토커, 한마디로 실망이다. 내용이 없다. 그냥 깔끔함 그걸로 끝.",0
9770767,현재 쏟아져 나오는 수많은 오디션 프로에 대한 잔혹한 풍자,0
10122551,사이코영화 내소중한 2시간반을 허비했네진짜짜증나!!!!,0
7209282,더럽게 재미없음,0
4063053,전형적인 저질영화,0
6119541,너무 현실성이 없어,0
8307357,제2의 클레멘타인 ㅋㅋ최민수씨도 영화로 쫄딱망하고 밤무대 똥꼬쇼 대열에 합류한답니다. 질문 받습니다.,0
3287093,99분의 시간이 짧음에도 불구하고 지루함이 느껴진다..,0
4524425,애매한 프랑스 유머코드.,0
9648257,안봐도 알꺼같은 영화.,0
9623851,알려지지도 않아서 본 사람이 많이 없으니 평점이 알바천지네....ㅋㅋㅋ....욕듣는것도 아니고 무관심 ㅋㅋㅋ...박해진 팬인데 진짜 평점 보고 보러갈 사람들이 불쌍해서 평점남긴다,0
2408940,참으로 짜증나게 만든영화,0
7738660,봉태꾸나오는거는 무조건 1점,0
9131603,"최악의 스타워즈, 애니메이션 영화 스타워즈 클론전쟁보다도 재미없음",0
8606413,이게 평점이 왜 높은지 이해가 안가네,0
2461317,감동적 이기는 하나. 너무 원작에 충실한 나머지.. 영화도 소설같은 내용.,0
1106998,시간이 흐를수록 모니터를 뽀개고 싶은 생각이 든다.,0
9659692,헐.. 태어나서 처음으로 일점준다. 대충격... 정말 재미없고 스토리 개연성도 없고 쌩뚱맞고 이상하다 ... 출연자들도 스토리 읽어보고 출연한건지..,0
9133834,눈에서 레이저빔을 쏠때 시대가 경천동지했다,0
9152747,박현지 연기 초딩이네.눈길만 힘주네요.드라마 연출맡은분 어쩌면 ok싸인주죠?연기를 맘으로 하라하세요.눈길로하는 연기 어디있어요?,0
8104834,"내 평생 최악의 드라마아, 그리고 이거 왜 최소 1점을 줘야만 등록이 가능합니까?0.1점도 아까운 드라마라 마이너스 점수를 주고 싶은데..누가 보면 1점 이상의 가치가 있는 드라마라고 여길 거 아니에요.",0
8769517,왜 저 배우들이 출연을 결심했는지 궁굼하다,0
4708341,반전강박증,0
5544115,댓글알바 OOO 10점 뭐냐 쓰래기야 너같은애땜시 내가1점줌 타임코드랑 동급,0
9395893,블렉코메디? 걍 코메딘데?,0
8476324,원작 모독 영화.. 내시간 ㅜㅜ 로그인해서라도 못보게 말리고싶다. 만화보고 감동해서 영화찾는사람은 그냥 안보는게...,0
3677549,그닥.......흠,0
4554702,과신의 대가.,0
7175749,.,0
3306621,너무긴 러닝타임 그렇고 그런 스토리 -_- 인도영화 광팬이 아니라면 비추!,0
344767,잔잔하다 아놀드의 연기가 웃겼다,0
10011858,뭘 보여주려는건지 모르겠네요...ㅎㅎ...;; 볼필요도 없는 영화였어요 ..,0
6027099,내 눈이 이상한건가,0
6539242,짜고치는 고도리같은 영화! 그래서 화나고 속은것같은 영화!!!,0
7670046,그저그럼,0
6437882,감독 자질 문제라고 밖엔,0
7726829,와...,0
8896111,억지같은 주장을 하는 피의자편에 서서 권력과 명예를 가진 모든 사람들을 파렴치한으로 비추어보는 아주 극단적인 영화여서 보는 내내 불편하고 한심했어요,0
8895883,"솔직히 내가 어이없던 건, 극중에서 핑크돌즈는 인기 아이돌에 밀려 빛을 발하지 못한 걸그룹으로 나와 있는데… 고음처리가 부족한 보컬, 성형중독 얼굴마담 같은 허접들로 걸그룹을 만들어 놨으니 당연히 인기가 없지…;;",0
6175215,암 그라제잉 감성팔이하는데 독립영화정돈 만들어 줘야제잉!!,0
8221302,너무 사소한 일가지고 목숨걸고 싸우네; ㅋㅋ 이상한 스토리야,0
9435650,예고편에 낚시당해 아이맥스보고 영화관에서 스크린에 칼던질 뻔한 영화. 실컷 전쟁 준비해서 우린 준비가 됐엉!! 하니 너넨 이미 전쟁햇음ㅇㅇ을 시전. 결론은 개미를 살리자,0
7656519,어렸을 때 내가 이 영화를 아버지 손잡고 영화관 가서 봤다고...... 아버지께 다시한번 죄송스럽다 ㅠㅠ,0
9955608,아 할말이없다 1점도아깝다,0
1850225,지루함 l 눈부신 액션도 잘 짜여진 스토리도 없다,0
7208766,정말 한쿡영화 반성좀하자!!!,0
8565762,재밌겠네요 ㅎㅎ호ㅎㅎ,0
9633159,에이...이병헌씨 이 영화는 너무 거저 먹었다~~~굳이 연기 할 필요 없는 영화를 선택한 당신 너무 로맨틱 한데~~!!!!,0
9727234,핵대중보단 낫다 아이가?,0
9484491,난해하다 한 참몰입감이 스미어도 금방없어진다 학서 지루하다 뭔가 해상에서 인디아나존스를 바란거 같고 특이하게 일관성이없고 몰입감이 없다 웃을때조차 잠깐쁜 그이상 웃음이 없다난해한영화,0
10230239,Tie a yellow ribbon round the old oak tree~가 흘러나올 것 같다.,0
10206516,4.44 맞추기위해 왔습니다~여러분~ 부릉부릉~,0
6739588,솔직히 한마디로 재미없다 ㅋ,0
9646367,감동도 그닥 없고 CG도 몇개 빼고는 전혀... 기대 이하.,0
5535125,이거 왜 평점이 3점이였는대 지금보니깐 7점이지.......?,0
10069575,결국엔 인간이 지구에 대해 스스로 각성하라는 의미인데 내가 보기에는 이 영화가 스스로 각성해야 한다.,0
9475056,과식하면 몸에 안좋아요,0
5852803,괜찮은저예산영화감독이 쓰레기고예산영화를만들었네. 이종격투길 한번이라도 봤을까?,0
7955193,일본은 그냥........... 재수없어서 1점.,0
7905935,"재미없고, 걍 지루하다. 1이 최고의 명작!",0
7861440,캐스팅은 좋았는데 스토리랑 연출때문에 망한 케이스 ㅋㅋㅋㅋ,0
8514530,막장드라마도 이런 막장드라마가없다! 에효효효효,0
8839562,관객이 영화를 이해 해 보려고 애써야 되는 영화..,0
6146797,"썩어빠진 영화, 촬영 장비가 아깝고 성균관대의 자리가 아깝다.",0
7666032,미스테리 스릴러 장르를 보고있는데 드라마영화를 보고있는듯한 느낌이 들었다. 이유는 영화내내 주인공 내부묘사가 반복적 중복적으로 나와서인것같다.매우 느릿한 전개와 절정에 이르러서는 심리묘사표현에 집중한 구성이 흐트러진영화!,0
7691290,원작 워낙좋아해서 영화있다길래 보니까..텍스트줄거리부터....예고편부터..그냥 안볼래요..나으 기대치 하락 ㄴㄴ해..,0
6522835,대중성이 없는 영화,0
8653639,말이너무없어서 재미는 없었지만 중간중간에 재미를 주었어서 괜찮았다,0
2192885,good,0
5461755,게이영화를 이렇게 밖에 못만드는지 안타까울 뿐이다 !,0
7723703,조조 안봤으면 진짜 돈 아까웠을 뻔 사실 조조도 돈 아까움 김태희 첫영화라 기대했는데,0
5966736,으으...킬링타임...집중이안되는영화...후반갈수록 더더욱더...;;; 평점6점정도..,0
